116.0,26.0,2.474796059521173,18.621496694356676,35.94246284104191,2.1089915723325663,./images/0.jpg,13.91838169161264,0.13660952032150653
110.32272863114481,30.01695441561489,2.602349418687685,18.621496694356676,35.94246284104191,2.1089915723325663,./images/0.jpg,13.196282730163807,0.31419191692756865
104.33090370963026,32.72796662989251,2.88822998866198,18.621496694356676,35.94246284104191,2.1089915723325663,./images/0.jpg,-9.763811033200138,-0.9566706085809278
109.016326224641,33.27351513573779,3.8114200164843695,18.621496694356676,35.94246284104191,2.1089915723325663,./images/0.jpg,13.739774137222911,0.36426646853260025
104.30028533022588,28.32421887535335,4.160668270530228,18.621496694356676,35.94246284104191,2.1089915723325663,./images/0.jpg,-14.847532902830874,-0.22300691129760053
107.60222801315452,34.956539084929325,4.385142012487124,18.621496694356676,35.94246284104191,2.1089915723325663,./images/0.jpg,-14.448304763245165,0.03086585438671352
110.0054669403379,41.7689635919683,4.3554019493611085,18.621496694356676,35.94246284104191,2.1089915723325663,./images/0.jpg,-14.506919595464272,-0.6212286982558328
110.57472889188745,48.8613356994512,5.047638844752704,18.621496694356676,35.94246284104191,2.1089915723325663,./images/0.jpg,-13.07459090853171,-0.4796416807925654
107.3722435950679,54.498891914606205,5.501026863081959,18.621496694356676,35.94246284104191,2.1089915723325663,./images/0.jpg,-14.060705325741264,0.062238786742614405
102.50275410817727,59.5684519315895,5.442609998428964,18.621496694356676,35.94246284104191,2.1089915723325663,./images/0.jpg,-13.263010357268534,-0.40053290956848486
97.42030372141922,63.770188409774036,5.81699960735981,18.621496694356676,35.94246284104191,2.1089915723325663,./images/0.jpg,-13.243204958104199,-0.40045452278624905
91.16307902195773,65.82077873544159,6.190748536344555,18.621496694356676,35.94246284104191,2.1089915723325663,./images/0.jpg,-14.47784530205124,-0.33519108086590266
83.96321432455562,65.51786669524432,0.24377293269804845,18.621496694356676,35.94246284104191,2.1089915723325663,./images/0.jpg,-10.540542107448754,0.29415548982716966
78.76853479187717,64.68689996376297,0.03089335559185924,18.621496694356676,35.94246284104191,2.1089915723325663,./images/0.jpg,-13.69416269761347,-0.15212274885441524
71.95262086528979,64.09325469058872,0.17085423002055114,18.621496694356676,35.94246284104191,2.1089915723325663,./images/0.jpg,-12.546159256019946,-0.5597264041335197
66.19194319058815,61.789148948343076,0.6949227451166877,18.621496694356676,35.94246284104191,2.1089915723325663,./images/0.jpg,-11.069724927666952,0.07611466077876061
61.86244523043757,58.34206496214106,0.638642794395,18.621496694356676,35.94246284104191,2.1089915723325663,./images/0.jpg,-10.118709145861247,0.7940694131307711
57.22335852743306,56.574204268255876,6.235445948062975,18.621496694356676,35.94246284104191,2.1089915723325663,./images/0.jpg,-14.565227327037645,0.1023648626472018
49.971580544324226,57.21136728305281,6.135699471470893,18.621496694356676,35.94246284104191,2.1089915723325663,./images/0.jpg,-8.923780029832239,-0.4371713857386965
45.52640056319248,57.37269406812622,0.13053725664047833,18.621496694356676,35.94246284104191,2.1089915723325663,./images/0.jpg,-13.805302682249948,-0.6050636213067127
39.23259802107874,54.82126246267017,0.7670503662203643,18.621496694356676,35.94246284104191,2.1089915723325663,./images/0.jpg,-11.720356449143832,-0.35550863097587215
35.52527481917754,50.30829959542894,1.0571555741268597,18.621496694356676,35.94246284104191,2.1089915723325663,./images/0.jpg,-14.233468515843056,0.11265860263283356
31.767321201241995,44.26851406417962,0.9497994913904402,18.621496694356676,35.94246284104191,2.1089915723325663,./images/0.jpg,-14.873259925908457,0.08198499939660597
27.246768897941283,38.36608158898369,0.8683245835145976,18.621496694356676,35.94246284104191,2.1089915723325663,./images/0.jpg,-12.324617232208732,-0.9612934534058526
25.908656742694493,32.69557259927447,2.045158847236342,18.621496694356676,35.94246284104191,2.1089915723325663,./images/0.jpg,-9.484144671799626,-0.49787136655526165
28.6194934902995,28.832034732321862,2.38882743875454,18.621496694356676,35.94246284104191,2.1089915723325663,./images/0.jpg,14.172142662270328,0.28334111665854533
22.964487329124893,33.06641957211448,2.6639325400449603,18.621496694356676,35.94246284104191,2.1089915723325663,./images/0.jpg,14.406747278880815,-0.49975514915780783
17.458134140570046,37.587146051847704,2.13954172362316,18.621496694356676,35.94246284104191,2.1089915723325663,./images/0.jpg,-13.672815824668884,0.23235649705818684
20.624101052239453,31.542360562640894,1.9238481073661404,18.621496694356676,35.94246284104191,2.1089915723325663,./images/0.jpg,9.682049639365745,0.27933560490201215
13.0,39.0,6.161711359105219,77.46510474713567,113.38775544648973,6.19436895550463,./images/1.jpg,11.621802352747437,0.9724479311785423
18.211822708692942,40.80346338881829,1.0150521938043495,77.46510474713567,113.38775544648973,6.19436895550463,./images/1.jpg,10.462609768649147,0.7979270812012837
19.577116187715035,45.74314314937268,1.7302602324900114,77.46510474713567,113.38775544648973,6.19436895550463,./images/1.jpg,9.227809943872963,0.5118319603638453
18.230210091369702,50.13305448999755,2.075851763101183,77.46510474713567,113.38775544648973,6.19436895550463,./images/1.jpg,-13.424203201976534,-0.47662606731803203
22.4657474870812,45.00001664179814,2.537939648691471,77.46510474713567,113.38775544648973,6.19436895550463,./images/1.jpg,-14.328735331977056,-0.7912654630265616
29.203354109301458,43.51426188144286,3.504464422896082,77.46510474713567,113.38775544648973,6.19436895550463,./images/1.jpg,-14.706646154471201,-0.2547409848825417
35.758809004401606,46.803029560738835,3.7597700106084444,77.46510474713567,113.38775544648973,6.19436895550463,./images/1.jpg,-13.910020913980372,0.19593083746003792
41.6997723928996,50.40110828771446,3.5757152718563825,77.46510474713567,113.38775544648973,6.19436895550463,./images/1.jpg,7.681338524488335,0.8171813121924849
38.68412367548973,48.09710493125352,4.121436375595665,77.46510474713567,113.38775544648973,6.19436895550463,./images/1.jpg,-14.126448909458668,-0.09882568877252451
42.39635626195563,54.10324183461736,4.2148109580700375,77.46510474713567,113.38775544648973,6.19436895550463,./images/1.jpg,-7.946679966344627,-0.8418178647743666
43.40462577735058,57.88890672066689,4.808015301225677,77.46510474713567,113.38775544648973,6.19436895550463,./images/1.jpg,-13.529575852445223,0.012438534770405685
42.78895003693318,64.62558529492786,4.796795515944022,77.46510474713567,113.38775544648973,6.19436895550463,./images/1.jpg,-10.71284797534241,0.06928309205189787
42.443294279435754,69.97031752602678,4.747234908997911,77.46510474713567,113.38775544648973,6.19436895550463,./images/1.jpg,-13.852650898127383,0.5935824133823877
43.89423788415375,76.63338486803876,4.124090429232693,77.46510474713567,113.38775544648973,6.19436895550463,./images/1.jpg,-13.178298703484778,0.2233964242285753
47.96987818499879,81.79747656664046,3.924493313505951,77.46510474713567,113.38775544648973,6.19436895550463,./images/1.jpg,-14.768322630136064,0.03853150942241079
53.282453722161925,86.925448466028,3.886538143749466,77.46510474713567,113.38775544648973,6.19436895550463,./images/1.jpg,-14.051699583288848,-0.12461045932200676
58.215447185684496,91.92282689348725,4.003878701614624,77.46510474713567,113.38775544648973,6.19436895550463,./images/1.jpg,-14.062954926715188,-0.9740932729978313
59.22941374118853,98.35054491934133,5.384005017462497,77.46510474713567,113.38775544648973,6.19436895550463,./images/1.jpg,7.822667107758829,-0.7859827494306246
60.95655407435445,94.88865086893,4.861883783966126,77.46510474713567,113.38775544648973,6.19436895550463,./images/1.jpg,-10.014787795625171,0.464027816674073
60.87760724333267,99.87308446698881,4.527740155499834,77.46510474713567,113.38775544648973,6.19436895550463,./images/1.jpg,-10.433057140769975,-0.13454421880401068
61.641351123307345,105.031531334291,4.621889445212056,77.46510474713567,113.38775544648973,6.19436895550463,./images/1.jpg,-14.61611343649771,-0.5299811184559748
60.65009993314395,112.17622959636996,5.19278669908045,77.46510474713567,113.38775544648973,6.19436895550463,./images/1.jpg,-9.969033478058794,-0.5040607973198887
57.7411617562659,116.19089017685938,5.559372630286857,77.46510474713567,113.38775544648973,6.19436895550463,./images/1.jpg,14.891693983672177,0.6582942961266338
64.39039505844585,113.24783553605897,0.04397865044034699,77.46510474713567,113.38775544648973,6.19436895550463,./images/1.jpg,13.01702016482525,-0.015170272612029967
70.89398368466577,113.49973047256395,0.030812857478955805,77.46510474713567,113.38775544648973,6.19436895550463,./images/1.jpg,13.151677497062856,-0.13560441903684883
27.0,72.0,0.5837380591694595,104.42037537301272,97.53772061026112,1.1322813980495872,./images/2.jpg,10.824518296388522,0.44464833262708114
31.045224794256928,75.5570607621306,0.9275764183702749,104.42037537301272,97.53772061026112,1.1322813980495872,./images/2.jpg,12.499676104846284,0.3130540077109074
34.224115590760256,80.91693781394991,1.197317921751559,104.42037537301272,97.53772061026112,1.1322813980495872,./images/2.jpg,8.446847005933254,-0.9883476632398613
36.914179525421474,84.01233181875256,0.3423831792873311,104.42037537301272,97.53772061026112,1.1322813980495872,./images/2.jpg,14.200234319558245,-0.592987327703828
43.872701444292915,84.6206502286383,5.98760791612917,104.42037537301272,97.53772061026112,1.1322813980495872,./images/2.jpg,12.060903932031646,0.5464811322972136
49.81580338695353,84.02470037652058,0.19351157154125218,104.42037537301272,97.53772061026112,1.1322813980495872,./images/2.jpg,12.037603528101105,-0.37156554892016214
55.797058179200874,84.4346252491375,6.163987766677021,104.42037537301272,97.53772061026112,1.1322813980495872,./images/2.jpg,13.747421074040483,-0.34080261560984826
62.43031159305282,82.74647332789672,5.83896190642865,104.42037537301272,97.53772061026112,1.1322813980495872,./images/2.jpg,11.342750071631842,0.19119946019621814
67.68059111444899,80.61481457541828,5.985331740033894,104.42037537301272,97.53772061026112,1.1322813980495872,./images/2.jpg,10.399349617434135,-0.05434664944436496
72.62745028673038,79.01415034896034,5.94761661423899,104.42037537301272,97.53772061026112,1.1322813980495872,./images/2.jpg,10.66860435335153,0.5210553075959083
77.84782192701022,78.10578974641106,0.07265758912583031,104.42037537301272,97.53772061026112,1.1322813980495872,./images/2.jpg,7.506759655055829,-0.4506381978041021
81.59130869858748,78.01518674927911,6.1137036434114,104.42037537301272,97.53772061026112,1.1322813980495872,./images/2.jpg,13.029109651099159,-0.2997602778780195
87.83971569930756,76.23960556136474,5.845240047970438,104.42037537301272,97.53772061026112,1.1322813980495872,./images/2.jpg,13.029711001139269,0.3388329216379937
94.00983025427807,74.2257167168068,6.151372503975844,104.42037537301272,97.53772061026112,1.1322813980495872,./images/2.jpg,12.475881659881408,0.43496002751213814
100.20896293312501,74.36688117044523,0.2546384822127853,104.42037537301272,97.53772061026112,1.1322813980495872,./images/2.jpg,10.806662194573796,0.5955196365429845
105.02835372904718,76.69432837158503,0.7427966643616369,104.42037537301272,97.53772061026112,1.1322813980495872,./images/2.jpg,-12.094128338290155,-0.7317392331087484
101.99244718509398,71.61087482872274,1.4668758051352515,104.42037537301272,97.53772061026112,1.1322813980495872,./images/2.jpg,13.001437013500349,-0.2151521685966018
103.1526030742046,77.99775338895651,1.2774581782049887,104.42037537301272,97.53772061026112,1.1322813980495872,./images/2.jpg,13.815745267502008,0.600429991721346
103.43164136782026,84.7904764826634,1.9081637501117088,104.42037537301272,97.53772061026112,1.1322813980495872,./images/2.jpg,11.224746543281437,-0.8241212017076778
103.3555872049707,90.25660925877055,1.099527211726985,104.42037537301272,97.53772061026112,1.1322813980495872,./images/2.jpg,-8.20132133707922,-0.535377894561198
101.98787792312429,86.40904345998992,1.423842469850265,104.42037537301272,97.53772061026112,1.1322813980495872,./images/2.jpg,11.591438519311227,-0.028146530368671208
102.8863630737455,92.13458397791035,1.4020861391413286,104.42037537301272,97.53772061026112,1.1322813980495872,./images/2.jpg,11.266134822245274,-0.34486884293899034
57.0,50.0,3.4314675217572588,29.11072414743999,87.3826167975473,1.7580919148906091,./images/3.jpg,14.700773213300288,0.6849508211751487
51.12906171232031,45.89573156231106,4.232054660617031,29.11072414743999,87.3826167975473,1.7580919148906091,./images/3.jpg,7.595622841310407,0.41804365591441583
49.68685091352718,42.39072007795523,4.45700060058371,29.11072414743999,87.3826167975473,1.7580919148906091,./images/3.jpg,-8.713859453862858,-0.9954361047952474
49.25355186290718,46.58677908221881,5.3527181084247815,29.11072414743999,87.3826167975473,1.7580919148906091,./images/3.jpg,-10.540845910194054,-0.6324424966876967
45.348528218025265,50.042737260985255,5.867717388306513,29.11072414743999,87.3826167975473,1.7580919148906091,./images/3.jpg,-12.328042126455287,-0.9126083215334102
39.45981155710908,49.98557232296811,0.6474699598542679,29.11072414743999,87.3826167975473,1.7580919148906091,./images/3.jpg,9.174731001473358,0.29147011956875146
42.90134216690211,53.00933805766771,0.8309734637189577,29.11072414743999,87.3826167975473,1.7580919148906091,./images/3.jpg,-13.774259229904848,-0.6875022293541186
40.045067801521796,46.91386554081069,1.5850182272393816,29.11072414743999,87.3826167975473,1.7580919148906091,./images/3.jpg,-13.912230150184719,-0.024643114974921998
40.2075873808266,39.95979469482426,1.6078789008703527,29.11072414743999,87.3826167975473,1.7580919148906091,./images/3.jpg,8.384295358253262,0.4358037940722459
39.61923362682748,44.098984849069,1.8681634114223606,29.11072414743999,87.3826167975473,1.7580919148906091,./images/3.jpg,14.250612820500493,-0.01165803453016423
37.561704578023026,50.92071977335677,1.8570873005447637,29.11072414743999,87.3826167975473,1.7580919148906091,./images/3.jpg,14.992602870988105,-0.09353648357024147
35.71656237479784,58.18367184481925,1.763323334824732,29.11072414743999,87.3826167975473,1.7580919148906091,./images/3.jpg,14.060219000812108,-0.05029666851484582
34.50199801183638,65.10743315514864,1.7161380607651628,29.11072414743999,87.3826167975473,1.7580919148906091,./images/3.jpg,14.00566684858352,0.48063024215897854
32.1881950499544,71.64677526400199,2.2029864013269393,29.11072414743999,87.3826167975473,1.7580919148906091,./images/3.jpg,7.955977234826906,-0.6405722535352754
30.383641751949177,75.16402568164449,1.807609508164084,29.11072414743999,87.3826167975473,1.7580919148906091,./images/3.jpg,11.934323807292603,-0.2976355683913672
29.55771570032649,81.05940653400683,1.56355460978127,29.11072414743999,87.3826167975473,1.7580919148906091,./images/3.jpg,12.697191899445222,0.2258967466944981
112.0,29.0,3.9581946633984644,118.35228090696417,19.632099831978476,1.6309135797454397,./images/4.jpg,14.77462037847345,-0.7899461233237544
105.5154717867098,26.111868453428702,2.964219725835669,118.35228090696417,19.632099831978476,1.6309135797454397,./images/4.jpg,-9.901195267750468,0.7020436304392519
110.01731507040729,24.20486824548899,2.405932320513316,118.35228090696417,19.632099831978476,1.6309135797454397,./images/4.jpg,13.602881828287623,0.09107517984730817
104.82782009296619,28.598427261289512,2.488753767202439,118.35228090696417,19.632099831978476,1.6309135797454397,./images/4.jpg,-9.086395229725495,0.7713487954706038
107.65331001300274,25.121267486586913,1.8997804334046278,118.35228090696417,19.632099831978476,1.6309135797454397,./images/4.jpg,14.491467259912822,-0.1734384649937024
105.78375240021914,32.113062130235186,1.7305213423614376,118.35228090696417,19.632099831978476,1.6309135797454397,./images/4.jpg,9.197426347479237,0.06218355688458188
104.98314319268678,36.641276117316536,1.7686991425885437,118.35228090696417,19.632099831978476,1.6309135797454397,./images/4.jpg,-8.727205940749469,-0.3907194922571122
106.24374425061086,32.474191996922656,2.008346022075629,118.35228090696417,19.632099831978476,1.6309135797454397,./images/4.jpg,9.003412204594518,-0.18557459149356736
104.52281687139183,36.631497532688066,1.8956625445445607,118.35228090696417,19.632099831978476,1.6309135797454397,./images/4.jpg,-9.083615358105634,-0.6757840016439787
106.75467789434981,32.72500264720161,2.3811588018800767,118.35228090696417,19.632099831978476,1.6309135797454397,./images/4.jpg,-14.017567304619362,-0.14891375566574783
112.09138105994896,28.19008790330495,2.5213572243394555,118.35228090696417,19.632099831978476,1.6309135797454397,./images/4.jpg,-11.91223281469442,0.38519189036117396
116.43527749413586,24.151200443637386,2.199373191809011,118.35228090696417,19.632099831978476,1.6309135797454397,./images/4.jpg,-9.945862886787408,0.7087345821573272
41.0,116.0,3.140220191546233,24.571656953482993,46.952809202811025,2.2191777043566225,./images/5.jpg,11.272697035646544,0.996620662943519
36.22597269877023,113.61487609922102,4.3019785642862995,24.571656953482993,46.952809202811025,2.2191777043566225,./images/5.jpg,10.631234904429839,-0.17094121131099604
33.870622768540095,108.85312282177294,4.179630114282191,24.571656953482993,46.952809202811025,2.2191777043566225,./images/5.jpg,14.06065602301338,-0.32847659428899556
29.57474111905295,103.32423307977052,3.860149871160896,24.571656953482993,46.952809202811025,2.2191777043566225,./images/5.jpg,12.78543328875918,-0.09891236272281612
24.624397030691473,99.28226156786957,3.7755646792768194,24.571656953482993,46.952809202811025,2.2191777043566225,./images/5.jpg,-14.485332071968802,0.5936475164575419
31.254253345900217,101.87889098021776,3.1238683167848813,24.571656953482993,46.952809202811025,2.2191777043566225,./images/5.jpg,7.819687608372362,-0.7565692995918216
27.470962820601187,102.7033240442219,2.6317791254232104,24.571656953482993,46.952809202811025,2.2191777043566225,./images/5.jpg,-10.357763085165491,0.12576292351323093
31.89892837652656,100.02049244479836,2.544476868327188,24.571656953482993,46.952809202811025,2.2191777043566225,./images/5.jpg,8.361018490795576,-0.2708362246404099
28.5970209230709,102.57795222133684,2.389709611371269,24.571656953482993,46.952809202811025,2.2191777043566225,./images/5.jpg,-11.515833884213638,0.35879145783912736
32.31050867013257,98.20252922345038,2.1017955607994376,24.571656953482993,46.952809202811025,2.2191777043566225,./images/5.jpg,-11.493188674678876,-0.08284256344724517
35.34521304698266,93.32367443988718,2.165416182012876,24.571656953482993,46.952809202811025,2.2191777043566225,./images/5.jpg,-14.211823799022994,0.5895917747667929
37.68424974348306,86.7342564948387,1.5316024063928655,24.571656953482993,46.952809202811025,2.2191777043566225,./images/5.jpg,-13.075775836070147,-0.5203636080397198
38.71944577572723,80.34475678471175,2.0311360434879377,24.571656953482993,46.952809202811025,2.2191777043566225,./images/5.jpg,-10.35220915922071,0.42148789102076956
40.42230459639142,75.47775357443663,1.7217027483650904,24.571656953482993,46.952809202811025,2.2191777043566225,./images/5.jpg,-13.252598274065678,0.32347671343684237
40.636387063629115,68.87815651619718,1.4255050618871157,24.571656953482993,46.952809202811025,2.2191777043566225,./images/5.jpg,-12.821606269317972,0.31554900869913016
39.01251506051564,62.69705278018151,1.1464583123462124,24.571656953482993,46.952809202811025,2.2191777043566225,./images/5.jpg,-14.631919928029987,0.05994442238523723
35.845553079030886,56.103195932732305,1.0879147074064521,24.571656953482993,46.952809202811025,2.2191777043566225,./images/5.jpg,-12.135542390605421,0.32741137437471957
32.465844652939936,51.08587027888056,0.8131376372597199,24.571656953482993,46.952809202811025,2.2191777043566225,./images/5.jpg,-14.953944393493272,-0.10756699701106331
27.56835369235111,45.44070566122929,0.920789886499368,24.571656953482993,46.952809202811025,2.2191777043566225,./images/5.jpg,-11.30850878173103,-0.27101879897880243
24.54049124664164,40.67724403660481,1.1302651444295575,24.571656953482993,46.952809202811025,2.2191777043566225,./images/5.jpg,13.167465825390545,0.8923142834344513
11.0,37.0,5.448249252187445,74.15916271939996,65.35871707363935,4.307912475170843,./images/6.jpg,-9.047084558538367,0.9640322492091247
9.338657375460105,41.061434562396414,4.579314514711985,74.15916271939996,65.35871707363935,4.307912475170843,./images/6.jpg,-10.856132120792362,0.7915988100928364
11.534711002881284,45.89844710600829,3.846540918080623,74.15916271939996,65.35871707363935,4.307912475170843,./images/6.jpg,-10.905212459684098,0.8801556484915072
16.493997969438634,47.725942485595084,2.966819173555648,74.15916271939996,65.35871707363935,4.307912475170843,./images/6.jpg,-13.560743171314071,0.0952785989729299
23.124372473633727,46.31735270699205,2.8804209999657737,74.15916271939996,65.35871707363935,4.307912475170843,./images/6.jpg,-11.475897895836399,-0.08713141514357026
28.704360870390786,44.98467663245689,2.9472509556176885,74.15916271939996,65.35871707363935,4.307912475170843,./images/6.jpg,-11.46169425164517,-0.2537732840864102
34.38836968869362,44.327727063813924,3.1454352002350894,74.15916271939996,65.35871707363935,4.307912475170843,./images/6.jpg,-14.720883013441611,-0.3852912713413974
41.60525072605004,45.51496729692969,3.543449763157762,74.15916271939996,65.35871707363935,4.307912475170843,./images/6.jpg,-12.978870505026908,0.2825525785147607
47.78656901114272,47.43639932561108,3.2922480451140745,74.15916271939996,65.35871707363935,4.307912475170843,./images/6.jpg,-14.523993626689919,0.1531642774656108
55.01214523079299,48.09476857340734,3.142773558263694,74.15916271939996,65.35871707363935,4.307912475170843,./images/6.jpg,-14.489769558650774,0.25310574415998865
62.20373615044161,47.382202019254834,2.892918932306463,74.15916271939996,65.35871707363935,4.307912475170843,./images/6.jpg,-10.757527402490574,-0.6628069502309246
67.51368294311783,47.25079934198109,3.452749572462097,74.15916271939996,65.35871707363935,4.307912475170843,./images/6.jpg,12.951294115970358,0.6386032703100548
62.14260295345531,43.82664691767374,4.093730769056287,74.15916271939996,65.35871707363935,4.307912475170843,./images/6.jpg,-10.36524862608133,0.142965462299401
65.31253712579844,47.92418985710886,3.994260645669342,74.15916271939996,65.35871707363935,4.307912475170843,./images/6.jpg,-13.767760312651289,0.16644427584988097
70.14828325470585,52.81431191371196,3.8400630681290973,74.15916271939996,65.35871707363935,4.307912475170843,./images/6.jpg,-9.146436631060926,-0.3810494003047997
73.33933362436358,56.07496540145759,4.084352222013559,74.15916271939996,65.35871707363935,4.307912475170843,./images/6.jpg,8.282871051514514,0.6074687746390817
71.45829829704371,52.41273306860709,4.468212389001454,74.15916271939996,65.35871707363935,4.307912475170843,./images/6.jpg,-14.967259121945997,-0.13576064964471235
72.86806823627968,59.756714969056496,4.604515137762282,74.15916271939996,65.35871707363935,4.307912475170843,./images/6.jpg,-11.538275126497787,0.36802230793642843
81.0,84.0,5.362131714689129,62.52409279499519,34.451265936975304,1.7506576181422373,./images/7.jpg,-7.6569695774734745,0.4505344436606975
79.00060283436552,87.25397478378012,5.11521262457824,62.52409279499519,34.451265936975304,1.7506576181422373,./images/7.jpg,7.818598548716236,-0.39559179021450097
80.21227209049418,83.54498097012343,4.89753937146717,62.52409279499519,34.451265936975304,1.7506576181422373,./images/7.jpg,10.472845453312619,-0.3952020204567521
80.57025647162816,78.33860134758545,4.606290246701015,62.52409279499519,34.451265936975304,1.7506576181422373,./images/7.jpg,12.343927176945993,-0.29276608498750156
79.31500802917463,72.3111362207062,4.358236817843704,62.52409279499519,34.451265936975304,1.7506576181422373,./images/7.jpg,9.502760813448297,-0.7742214324642183
76.66563247160133,68.45477063332207,3.738724786135772,62.52409279499519,34.451265936975304,1.7506576181422373,./images/7.jpg,12.417459163377977,-0.10540913352343972
71.41379696031223,65.14676588223514,3.6511392480625005,62.52409279499519,34.451265936975304,1.7506576181422373,./images/7.jpg,-11.847707677768138,0.8592678224796297
77.0821317437145,65.96353862211924,2.7350450459350495,62.52409279499519,34.451265936975304,1.7506576181422373,./images/7.jpg,-12.24946528321066,0.48169199126166795
82.17691844203986,62.64515207429123,2.3081403004215373,62.52409279499519,34.451265936975304,1.7506576181422373,./images/7.jpg,-13.525587723999436,0.7832462483699492
84.59434701110912,56.561112037183854,1.410306913654804,62.52409279499519,34.451265936975304,1.7506576181422373,./images/7.jpg,-9.674749527448835,0.5954266624936793
83.01488308521944,52.027876888210365,0.9733669452878378,62.52409279499519,34.451265936975304,1.7506576181422373,./images/7.jpg,-9.933380466624591,-0.1088456394521835
80.3416049564124,47.84323079515719,1.04573329824691,62.52409279499519,34.451265936975304,1.7506576181422373,./images/7.jpg,-12.21786259875285,0.48571669961640196
76.44883106980609,43.19387028389358,0.6157470113148531,62.52409279499519,34.451265936975304,1.7506576181422373,./images/7.jpg,-7.611821252546216,0.41159453839114146
73.16602721318121,41.28301201791124,0.39422866485168734,62.52409279499519,34.451265936975304,1.7506576181422373,./images/7.jpg,-12.016306227030265,0.10816257471119672
67.54352048920204,39.170318093653314,0.3072415336952305,62.52409279499519,34.451265936975304,1.7506576181422373,./images/7.jpg,-14.818526777964445,-0.4604875148761538
61.11508730203677,35.63116062989252,0.7972962411965789,62.52409279499519,34.451265936975304,1.7506576181422373,./images/7.jpg,8.565369058890148,0.3905642648221139
63.8002661623749,38.95535089438854,1.0323954502603983,62.52409279499519,34.451265936975304,1.7506576181422373,./images/7.jpg,-10.408510044148326,-0.7967960245755168
62.51659178310102,34.01960372887325,1.7422971573927104,62.52409279499519,34.451265936975304,1.7506576181422373,./images/7.jpg,8.782489799519894,0.18312369111849325
61.580710693980684,38.307846595851814,1.8507307535315565,62.52409279499519,34.451265936975304,1.7506576181422373,./images/7.jpg,-7.943757127221419,0.1867634223931034
120.0,49.0,1.9116919738903306,43.71091608895291,114.7668526082128,5.805946581345423,./images/8.jpg,9.58419695431367,0.6838408378286844
117.52554956027488,53.04317911177254,2.432454866414189,43.71091608895291,114.7668526082128,5.805946581345423,./images/8.jpg,11.937575444557373,0.6589156911194651
112.2649823583006,55.66676661467201,3.0487273782015682,43.71091608895291,114.7668526082128,5.805946581345423,./images/8.jpg,12.29788856740401,0.1274149931094768
106.12669640572392,55.979184583849296,3.153758733449608,43.71091608895291,114.7668526082128,5.805946581345423,./images/8.jpg,11.064774416121516,-0.06695128317422117
100.59501107424191,56.02132676810738,3.1042980863162177,43.71091608895291,114.7668526082128,5.805946581345423,./images/8.jpg,11.906305468190727,0.08616850880461624
94.6432675895006,56.0800606211949,3.1728644448923853,43.71091608895291,114.7668526082128,5.805946581345423,./images/8.jpg,13.389399065484747,-0.35580673682358666
88.01224608889605,56.75487035433671,2.841143862079592,43.71091608895291,114.7668526082128,5.805946581345423,./images/8.jpg,12.624081229858751,0.38207955304303076
81.8145623420947,57.78799936123905,3.1793228288637847,43.71091608895291,114.7668526082128,5.805946581345423,./images/8.jpg,13.526438577336364,0.007620232692984175
75.05689596416217,57.51430706127671,3.186194602505337,43.71091608895291,114.7668526082128,5.805946581345423,./images/8.jpg,11.212610040294788,-0.2671816659447179
69.46385622004686,57.7227050825504,2.981582194057875,43.71091608895291,114.7668526082128,5.805946581345423,./images/8.jpg,12.722915947367785,0.05892999861829962
63.16526409829566,58.61027379919248,3.0316242298255873,43.71091608895291,114.7668526082128,5.805946581345423,./images/8.jpg,12.272003919752247,0.15918479303265598
57.04360475129579,58.96222852756519,3.1629699602443933,43.71091608895291,114.7668526082128,5.805946581345423,./images/8.jpg,13.37465217742667,0.14021771931423244
50.377693981259924,58.48334584666143,3.2888200381657855,43.71091608895291,114.7668526082128,5.805946581345423,./images/8.jpg,13.166400621780113,0.9931905106555345
45.645505503966014,54.60992809892898,4.635590195030302,43.71091608895291,114.7668526082128,5.805946581345423,./images/8.jpg,-12.886242450554736,0.6088330933177506
47.62145901597918,60.64576787688366,4.036651948947039,43.71091608895291,114.7668526082128,5.805946581345423,./images/8.jpg,-10.42820833031986,-0.6150710666794481
50.00271442332895,65.22788146495229,4.527816386707471,43.71091608895291,114.7668526082128,5.805946581345423,./images/8.jpg,-12.6523883422655,-0.5762542712601071
49.78600915107597,71.47455039920068,5.0759414363617354,43.71091608895291,114.7668526082128,5.805946581345423,./images/8.jpg,-12.600995656013561,-0.1965549420520516
47.159800132072085,77.1938609909575,5.243220413317323,43.71091608895291,114.7668526082128,5.805946581345423,./images/8.jpg,-9.763018800936875,0.4429547720478271
45.23333899218804,81.65891168476719,4.934451785202934,43.71091608895291,114.7668526082128,5.805946581345423,./images/8.jpg,-14.337641910431216,0.016855546151392398
43.69957951498566,88.66166174205752,4.918339006915018,43.71091608895291,114.7668526082128,5.805946581345423,./images/8.jpg,-12.164803068334205,0.5892766018614024
43.765163251893455,94.67243174970764,4.376187429255054,43.71091608895291,114.7668526082128,5.805946581345423,./images/8.jpg,-14.915400823098421,-0.42886325744445863
44.9021241832853,101.98069877106535,4.830854489942305,43.71091608895291,114.7668526082128,5.805946581345423,./images/8.jpg,-13.57203477261611,0.44349787653218
45.26211760635799,108.70704343364183,4.401018450091108,43.71091608895291,114.7668526082128,5.805946581345423,./images/8.jpg,-13.557062992869211,-0.9991385384493439
8.0,53.0,2.2427960058252228,86.83611313666381,105.70972490670168,5.024017137935206,./images/9.jpg,11.013552308798777,-0.6870297021681409
5.732307086838071,57.93071408173195,1.6404613805163055,86.83611313666381,105.70972490670168,5.024017137935206,./images/9.jpg,14.31861340918368,-0.6022749853175002
7.080817700640248,64.83686523697217,0.984208975453464,86.83611313666381,105.70972490670168,5.024017137935206,./images/9.jpg,11.812950923314324,0.2127321416421759
10.004777940280093,69.96094790985907,1.154315766271042,86.83611313666381,105.70972490670168,5.024017137935206,./images/9.jpg,12.020891033190612,0.10034769147277878
12.257039707301889,75.53176112778546,1.2350046959100087,86.83611313666381,105.70972490670168,5.024017137935206,./images/9.jpg,12.914478058909191,0.26402554874989326
13.805457601581644,81.78619488807402,1.4677551126909267,86.83611313666381,105.70972490670168,5.024017137935206,./images/9.jpg,13.417244549153034,-0.3912447766871705
15.460275551346813,88.24986869564339,1.0987712606061002,86.83611313666381,105.70972490670168,5.024017137935206,./images/9.jpg,14.414038548361312,-0.40484929866927644
19.71638450711378,94.0053712280863,0.686989913788846,86.83611313666381,105.70972490670168,5.024017137935206,./images/9.jpg,13.043990776526915,-0.008515128619479562
24.771139481106534,98.1267410738813,0.6795849842056503,86.83611313666381,105.70972490670168,5.024017137935206,./images/9.jpg,14.36121896448721,-0.022874122682970288
30.395675112658225,102.59034639496231,0.6576811448920008,86.83611313666381,105.70972490670168,5.024017137935206,./images/9.jpg,13.671269639383585,-0.5042298941237013
36.469416535046584,105.57322058528771,0.15475383860261926,86.83611313666381,105.70972490670168,5.024017137935206,./images/9.jpg,11.471661422192264,-0.4480644561935858
42.17412085818579,105.6172137412915,6.070333499349092,86.83611313666381,105.70972490670168,5.024017137935206,./images/9.jpg,14.518998573218047,-0.2847630904355132
49.0287784053248,103.29850713383641,5.787001653636043,86.83611313666381,105.70972490670168,5.024017137935206,./images/9.jpg,11.493848840696865,0.25808451945889277
54.27864214024073,100.98374795569494,5.989271592907645,86.83611313666381,105.70972490670168,5.024017137935206,./images/9.jpg,13.157863488370689,0.7083242223295945
60.70979322321919,101.02653922970906,0.45750470190338843,86.83611313666381,105.70972490670168,5.024017137935206,./images/9.jpg,14.869406011286506,0.051090759967132415
67.31126143960002,104.44473537282838,0.508194764650372,86.83611313666381,105.70972490670168,5.024017137935206,./images/9.jpg,13.464471454510678,0.13716672492555437
73.01968575929068,108.0058100044966,0.6320979722288167,86.83611313666381,105.70972490670168,5.024017137935206,./images/9.jpg,12.339276032578763,-0.5460115175858204
78.56627849833708,110.56409994802598,0.1322496729386507,86.83611313666381,105.70972490670168,5.024017137935206,./images/9.jpg,-14.814440957053744,0.7556554770741057
71.61810094468697,112.26424730994232,5.484874531127395,86.83611313666381,105.70972490670168,5.024017137935206,./images/9.jpg,13.091132179496228,0.16002526094282388
76.43928628531224,107.84467305906676,5.625739808437209,86.83611313666381,105.70972490670168,5.024017137935206,./images/9.jpg,11.711715860519785,0.33644748916307665
81.42210725570983,104.8018981341438,5.898813956077711,86.83611313666381,105.70972490670168,5.024017137935206,./images/9.jpg,10.62737879598888,-0.5164534614856329
85.93579620339995,102.06362681272694,5.496488201377607,86.83611313666381,105.70972490670168,5.024017137935206,./images/9.jpg,13.8442773638599,-0.3905589210838707
90.00211635810453,96.51114496964853,5.116501159289886,86.83611313666381,105.70972490670168,5.024017137935206,./images/9.jpg,-9.433325592571567,0.16767139877938453
88.3345450052594,100.92090175910872,5.010055161289904,86.83611313666381,105.70972490670168,5.024017137935206,./images/9.jpg,-10.035640061083532,-0.02086556057022726
118.0,66.0,5.887281842359352,42.910535296126504,44.230522934093294,2.528050233888564,./images/10.jpg,-13.279938784015679,-0.03185643011016048
111.84533127763493,68.49127256919874,5.91549481626534,42.910535296126504,44.230522934093294,2.528050233888564,./images/10.jpg,-13.308677696171637,-0.383441506795976
105.39120632927217,69.96521307890006,6.273417296070006,42.910535296126504,44.230522934093294,2.528050233888564,./images/10.jpg,-11.883632865109075,-0.21156670561854374
99.46635083449186,69.6194296087577,0.16039045864582221,42.910535296126504,44.230522934093294,2.528050233888564,./images/10.jpg,-12.132588070824749,-0.3541455214060194
93.65716177153087,67.9488938568587,0.4594454381378472,42.910535296126504,44.230522934093294,2.528050233888564,./images/10.jpg,-9.087741765553975,0.052781906116846855
89.55920134438242,65.98629588401938,0.4274378201133043,42.910535296126504,44.230522934093294,2.528050233888564,./images/10.jpg,-11.700722022806612,0.08391902507306415
84.17430857313708,63.70203083357213,0.3618228397222718,42.910535296126504,44.230522934093294,2.528050233888564,./images/10.jpg,-11.835708510933351,-0.15228496185050044
78.75072187116301,61.343082008550816,0.4829204311643399,42.910535296126504,44.230522934093294,2.528050233888564,./images/10.jpg,-14.583048010101114,0.31507408565073747
71.9442403831523,58.810808459497906,0.16604888314364868,42.910535296126504,44.230522934093294,2.528050233888564,./images/10.jpg,-11.930260487280878,0.3008385043634396
66.00711773692575,58.410372154363706,6.202472477717698,42.910535296126504,44.230522934093294,2.528050233888564,./images/10.jpg,-11.23611579148611,0.2787706564895507
60.4769105538637,59.33960790096948,5.988069560013973,42.910535296126504,44.230522934093294,2.528050233888564,./images/10.jpg,12.849028801438081,-0.1437559567503528
66.51976529200488,57.16991943619003,5.864072587803708,42.910535296126504,44.230522934093294,2.528050233888564,./images/10.jpg,-9.617415782295916,0.7844416507505114
62.8270422456894,60.126194117532044,5.224136921237759,42.910535296126504,44.230522934093294,2.528050233888564,./images/10.jpg,-11.652932691597966,0.48093042960998744
60.844424932584445,65.5642977859122,4.818774876311256,42.910535296126504,44.230522934093294,2.528050233888564,./images/10.jpg,-12.703834178086506,0.5835343863497096
61.578409068638294,71.7939646737843,4.259609939834981,42.910535296126504,44.230522934093294,2.528050233888564,./images/10.jpg,13.136153884482816,-0.4408359247577789
57.79849454318819,66.47740053161239,3.8464322529859363,42.910535296126504,44.230522934093294,2.528050233888564,./images/10.jpg,14.751515445663049,5.737274415240634e-05
52.180373512927204,61.6984343189893,3.846488675314099,42.910535296126504,44.230522934093294,2.528050233888564,./images/10.jpg,11.721635114576753,0.3439881990705791
48.18117330969221,57.43923628023795,4.126425142446902,42.910535296126504,44.230522934093294,2.528050233888564,./images/10.jpg,12.533250375653745,-0.06165431478610861
44.609112514423074,52.291167218121664,4.07484450457025,42.910535296126504,44.230522934093294,2.528050233888564,./images/10.jpg,12.615366540108075,0.6622959119939009
42.337092826751,46.52279502061543,4.73066721459255,42.910535296126504,44.230522934093294,2.528050233888564,./images/10.jpg,9.944040505248925,-0.42521623633950845
41.833613245101425,41.59433073906822,4.430460804069181,42.910535296126504,44.230522934093294,2.528050233888564,./images/10.jpg,8.422341488888447,-0.29513270344379094
40.39047344684607,37.64338079316765,4.259761737839154,42.910535296126504,44.230522934093294,2.528050233888564,./images/10.jpg,-7.5115220594250935,0.9080062544731098
42.79635778061877,40.44676844167597,3.618232672150537,42.910535296126504,44.230522934093294,2.528050233888564,./images/10.jpg,-10.971501191554326,0.9746340424674789
48.025052669422735,40.68455054216107,2.5402452908189948,42.910535296126504,44.230522934093294,2.528050233888564,./images/10.jpg,12.447115165841831,-0.014695187102159224
55.0,68.0,4.42642674334622,101.53375861004442,84.77171132771589,2.3522391976757575,./images/11.jpg,-12.642281401476371,-0.9497581198224743
53.89942805778215,73.87353928760133,5.604407520799598,101.53375861004442,84.77171132771589,2.3522391976757575,./images/11.jpg,13.455533557037835,0.9977847255748584
60.07159616445411,73.1125709405411,0.7114886113616312,101.53375861004442,84.77171132771589,2.3522391976757575,./images/11.jpg,11.42163912341287,-0.6620701458431062
65.08125213969461,75.6831541276487,0.11799943180021644,101.53375861004442,84.77171132771589,2.3522391976757575,./images/11.jpg,10.986817651080983,-0.5034887224633289
70.53382108680721,75.44643506898748,5.997718707431498,101.53375861004442,84.77171132771589,2.3522391976757575,./images/11.jpg,11.328467822629907,0.5072834043117798
76.1193906244753,74.78672910592813,0.13428904297309902,101.53375861004442,84.77171132771589,2.3522391976757575,./images/11.jpg,10.94884208033156,0.10948037892826235
81.51682189652205,75.69314551227907,0.21452208121458272,101.53375861004442,84.77171132771589,2.3522391976757575,./images/11.jpg,11.338012754373278,0.6615353909225998
86.55121963328864,78.12453892326022,0.8030163923749551,101.53375861004442,84.77171132771589,2.3522391976757575,./images/11.jpg,12.610724206778047,-0.11232072805786109
91.09779022176808,82.49005075575097,0.7081875564623364,101.53375861004442,84.77171132771589,2.3522391976757575,./images/11.jpg,10.045629434394995,-0.1816838008591921
95.06652594342927,85.56369164738832,0.585155638555276,101.53375861004442,84.77171132771589,2.3522391976757575,./images/11.jpg,13.483388276792851,0.6443565094545836
99.40873004545543,90.55976388609349,1.2605272509642818,101.53375861004442,84.77171132771589,2.3522391976757575,./images/11.jpg,-8.103703910233842,-0.7574257057551603
98.98476253860844,86.57255839981305,1.7713650835237749,101.53375861004442,84.77171132771589,2.3522391976757575,./images/11.jpg,13.38277383734239,0.10500518911611523
97.40658782944158,93.07274007494767,1.8653949783597112,101.53375861004442,84.77171132771589,2.3522391976757575,./images/11.jpg,-9.931582653919554,-0.22743927117693108
99.1351896961206,88.4225004619647,2.0186352327602766,101.53375861004442,84.77171132771589,2.3522391976757575,./images/11.jpg,-8.775467215091844,-0.5182442422140232
100.0,12.0,2.892814934455104,84.52291716782666,28.197146562424166,0.3300786614556925,./images/12.jpg,12.939513363599524,-0.5511268412081627
94.27020907454309,14.84500969674123,2.3625910250859166,84.52291716782666,28.197146562424166,0.3300786614556925,./images/12.jpg,8.259656618241873,-0.15061958080014337
91.43076896839521,17.842264193301283,2.2790203641951106,84.52291716782666,28.197146562424166,0.3300786614556925,./images/12.jpg,14.227325533633145,-0.09244620137307846
86.9976691290632,23.40288713384553,2.1910855688821234,84.52291716782666,28.197146562424166,0.3300786614556925,./images/12.jpg,10.241041822831797,-0.7642626993435822
85.23165816825367,28.116108700147567,1.5366161167998564,84.52291716782666,28.197146562424166,0.3300786614556925,./images/12.jpg,-9.326938389818238,0.4002980014796378
84.5853562395578,23.510670962170327,1.2735065838831265,84.52291716782666,28.197146562424166,0.3300786614556925,./images/12.jpg,8.690179247303133,-0.8278153052597597
86.81894026159424,27.157249690874597,0.6428037116716461,84.52291716782666,28.197146562424166,0.3300786614556925,./images/12.jpg,-7.573969569759908,0.6059099778566868
83.51698983994766,25.341072897778034,0.29296294858045124,84.52291716782666,28.197146562424166,0.3300786614556925,./images/12.jpg,7.686155127423121,-0.8276172541198741
87.30316489486901,25.60622655290219,6.018535658243974,84.52291716782666,28.197146562424166,0.3300786614556925,./images/12.jpg,-14.002238918157632,0.0979223377949412
80.61974731527987,27.683396967016566,5.926833568907131,84.52291716782666,28.197146562424166,0.3300786614556925,./images/12.jpg,-12.39291785862076,-0.11930594261503402
74.73382751874911,29.612627527353364,6.025873841924057,84.52291716782666,28.197146562424166,0.3300786614556925,./images/12.jpg,-7.719672570895892,-0.5616659709879261
70.92149669696289,30.10239973678005,0.06654051799279335,84.52291716782666,28.197146562424166,0.3300786614556925,./images/12.jpg,7.80665008328825,-0.3407344735476461
74.81940418935405,30.0740553663237,6.165195628475334,84.52291716782666,28.197146562424166,0.3300786614556925,./images/12.jpg,-8.438453151217367,-0.7498436759969946
70.66384539777874,29.692432234504718,0.40592828600955333,84.52291716782666,28.197146562424166,0.3300786614556925,./images/12.jpg,11.327551416088937,-0.9616321269449017
76.06372139102876,29.546409799351633,5.606704818038148,84.52291716782666,28.197146562424166,0.3300786614556925,./images/12.jpg,9.249731199882563,0.8096641280120711
80.22071995806292,27.702211017700105,6.254031161102704,84.52291716782666,28.197146562424166,0.3300786614556925,./images/12.jpg,8.70602005721571,0.5542286974761215
48.0,30.0,1.8890523541557986,34.45124529183368,62.68091425746557,3.790004903283514,./images/13.jpg,13.341197743039826,-0.008223728770188288
45.931248601422226,36.34168483170226,1.8817378964829452,34.45124529183368,62.68091425746557,3.790004903283514,./images/13.jpg,13.278582099722717,0.32253013301318756
43.177531629428636,42.35744941688387,2.177584490658114,34.45124529183368,62.68091425746557,3.790004903283514,./images/13.jpg,11.031270375182059,-0.531539624842922
40.87638505830175,47.32479647835734,1.7451682099323116,34.45124529183368,62.68091425746557,3.790004903283514,./images/13.jpg,11.836369179946555,-0.3306059147954541
40.4869487377469,53.21276858126574,1.4743504963450635,34.45124529183368,62.68091425746557,3.790004903283514,./images/13.jpg,12.100172760544282,-0.5991707777899205
42.34894072249497,58.892226598307566,0.923453698395826,34.45124529183368,62.68091425746557,3.790004903283514,./images/13.jpg,11.22686709114906,0.5552818946483102
44.82758124069813,63.87490767358681,1.3877941073365083,34.45124529183368,62.68091425746557,3.790004903283514,./images/13.jpg,-13.28277666274045,0.17181441706802203
43.2216280870902,57.43707426207389,1.2341342651963192,34.45124529183368,62.68091425746557,3.790004903283514,./images/13.jpg,12.361198521213305,-0.5180009215314332
46.28963117776577,62.73969052911103,0.7644825333730926,34.45124529183368,62.68091425746557,3.790004903283514,./images/13.jpg,-9.062524962360055,0.8325510246267014
42.380464922608795,60.60979414571975,0.100471562105938,34.45124529183368,62.68091425746557,3.790004903283514,./images/13.jpg,-9.29884165126607,0.6251243262156194
37.7823800171641,60.97139996514745,5.936275028694163,34.45124529183368,62.68091425746557,3.790004903283514,./images/13.jpg,-10.376869341199757,0.8289295103509087
33.74189114839852,64.03555482544242,5.1814717208022625,34.45124529183368,62.68091425746557,3.790004903283514,./images/13.jpg,8.94788249638207,-0.39155048542437143
35.35817831316949,59.87540809814067,4.935185110161274,34.45124529183368,62.68091425746557,3.790004903283514,./images/13.jpg,-12.212859783859894,0.5468561190978629
35.20988026111343,65.92017493727768,4.4395157241734955,34.45124529183368,62.68091425746557,3.790004903283514,./images/13.jpg,9.584566598348177,-0.923910342525535
32.53766628073867,62.10710697831035,3.5935351610502955,34.45124529183368,62.68091425746557,3.790004903283514,./images/13.jpg,-11.827807770792255,-0.3443798468149111
37.516292361539016,65.26373515477219,3.8763557490505787,34.45124529183368,62.68091425746557,3.790004903283514,./images/13.jpg,8.018744077181573,-0.16014610169325638
81.0,16.0,2.54774606806025,18.503348127691645,85.95590269054159,2.757599316115888,./images/14.jpg,7.666278383365503,-0.8901712580672076
78.49994172775035,18.82491662011307,1.916539538362165,18.503348127691645,85.95590269054159,2.757599316115888,./images/14.jpg,12.999945368183202,-0.5911383387995024
77.77650985187385,25.196307215936322,1.3348304929343033,18.503348127691645,85.95590269054159,2.757599316115888,./images/14.jpg,14.820012670944159,-0.6722944676095175
81.55782393571612,31.356270405131852,0.5483861569118507,18.503348127691645,85.95590269054159,2.757599316115888,./images/14.jpg,12.491986931052528,0.5365962211305899
86.09781817174691,35.5563798915244,1.0437452519093902,18.503348127691645,85.95590269054159,2.757599316115888,./images/14.jpg,13.753409521240046,0.07917069771322716
89.38163544005883,41.596710772849256,1.1164884353817126,18.503348127691645,85.95590269054159,2.757599316115888,./images/14.jpg,11.222775827450947,-0.09998214014061957
91.99379632190833,46.56159767528918,1.0414330301890549,18.503348127691645,85.95590269054159,2.757599316115888,./images/14.jpg,-8.664654126853629,-0.34900353067693013
90.1311073680714,42.658625309433475,1.2516373431280512,18.503348127691645,85.95590269054159,2.757599316115888,./images/14.jpg,13.41718580330724,0.10931301394830184
91.98364890455309,49.103671539064166,1.3498068764500857,18.503348127691645,85.95590269054159,2.757599316115888,./images/14.jpg,-10.626846841030979,-0.8474853566368166
92.50035357217932,43.951934600912146,2.152187696627682,18.503348127691645,85.95590269054159,2.757599316115888,./images/14.jpg,12.581243978791987,0.5196976311317185
88.14649538541939,48.411979626343474,2.6320870076327583,18.503348127691645,85.95590269054159,2.757599316115888,./images/14.jpg,12.962448625106616,-0.005657972803177147
82.4946778570515,51.584225971866395,2.627197543338838,18.503348127691645,85.95590269054159,2.757599316115888,./images/14.jpg,10.232785509479221,0.03982833860323565
78.01341841442255,54.05287763536078,2.654382242265679,18.503348127691645,85.95590269054159,2.757599316115888,./images/14.jpg,14.80463962139081,-0.019152881469998384
71.49890267913801,57.567682968952674,2.635476496601202,18.503348127691645,85.95590269054159,2.757599316115888,./images/14.jpg,12.682653178384209,-0.45268336158874756
66.56437071560556,61.48197296299864,2.224246648545248,18.503348127691645,85.95590269054159,2.757599316115888,./images/14.jpg,14.870058174863845,-0.31764203293510884
62.86596160044443,67.89549060543649,1.898320225532332,18.503348127691645,85.95590269054159,2.757599316115888,./images/14.jpg,13.606305148924719,0.370151467885091
59.81031416716588,73.93609923260553,2.2503039342772886,18.503348127691645,85.95590269054159,2.757599316115888,./images/14.jpg,14.49998668948288,0.02152214418053533
55.20764364557902,79.53752824289919,2.2711118674164994,18.503348127691645,85.95590269054159,2.757599316115888,./images/14.jpg,10.051499526102122,0.7264922889375443
51.210775214085665,82.46577666904922,2.8665763114602294,18.503348127691645,85.95590269054159,2.757599316115888,./images/14.jpg,12.272374936936668,0.3333897346516772
45.17404453654831,83.4503870735454,3.149918215619696,18.503348127691645,85.95590269054159,2.757599316115888,./images/14.jpg,14.637740370786085,-0.485478977978578
38.07348094825852,84.8721252205459,2.635065157414005,18.503348127691645,85.95590269054159,2.757599316115888,./images/14.jpg,13.133659743334208,0.2806213638779571
32.054758193428384,87.45649237861355,2.887430345977622,18.503348127691645,85.95590269054159,2.757599316115888,./images/14.jpg,9.1977173097428,0.3484528207224713
27.52740402044582,88.21064191603067,3.110184434035912,18.503348127691645,85.95590269054159,2.757599316115888,./images/14.jpg,13.089641457896699,0.1574233859707055
20.989488836886565,88.05370181147453,3.2487049854026773,18.503348127691645,85.95590269054159,2.757599316115888,./images/14.jpg,13.876326133033256,-0.9127279704842362
14.889189759853572,90.43087201255875,2.0519764180172384,18.503348127691645,85.95590269054159,2.757599316115888,./images/14.jpg,-11.966027156891336,-0.7671322357255403
19.034518241749435,86.31385658744539,2.821088461042145,18.503348127691645,85.95590269054159,2.757599316115888,./images/14.jpg,12.51887740956649,-0.38850895826673204
13.444013150180767,89.06383486435796,2.4794791729488996,18.503348127691645,85.95590269054159,2.757599316115888,./images/14.jpg,-11.91219605065601,-0.33686428003799285
57.0,48.0,1.7419595403115888,100.64320744063207,14.442855280813887,3.741665335407196,./images/15.jpg,-14.8635131756361,-0.5312442231536925
59.88236356818971,41.259012397044046,2.324202587306593,100.64320744063207,14.442855280813887,3.741665335407196,./images/15.jpg,-10.268389042301772,-0.34417678929193163
63.735556956747075,37.88467921749276,2.5695782634242468,100.64320744063207,14.442855280813887,3.741665335407196,./images/15.jpg,-13.131752841909904,-0.22662821340405226
69.51549450814124,34.79231947581248,2.7714478990183675,100.64320744063207,14.442855280813887,3.741665335407196,./images/15.jpg,-14.204694536012461,-0.3179707355792267
76.37819413501265,33.07306397931503,3.0831356395039786,100.64320744063207,14.442855280813887,3.741665335407196,./images/15.jpg,-13.67158003838478,-0.044351334689641364
83.20742912634827,32.78417230764279,3.123585686749529,100.64320744063207,14.442855280813887,3.741665335407196,./images/15.jpg,-12.894055645017074,-0.6518733006771973
89.35570776674989,34.31746664107226,3.7796047386388674,100.64320744063207,14.442855280813887,3.741665335407196,./images/15.jpg,-12.787325710269043,0.005008531689841167
94.49811042094947,38.11675078771024,3.77533498786614,100.64320744063207,14.442855280813887,3.741665335407196,./images/15.jpg,-10.637460136234711,-0.002489187515093416
98.78180844272774,41.26933920734968,3.777100233709557,100.64320744063207,14.442855280813887,3.741665335407196,./images/15.jpg,-11.801686301843574,-0.4428247057130239
102.9338029946824,45.415997463802036,4.1502191132732325,100.64320744063207,14.442855280813887,3.741665335407196,./images/15.jpg,9.998293680899021,0.01970068725236418
100.29141606700938,41.17230619181633,4.163352362854327,100.64320744063207,14.442855280813887,3.741665335407196,./images/15.jpg,14.507377752530637,0.017570651644984503
96.54815935417056,34.95918976853574,4.180347717254573,100.64320744063207,14.442855280813887,3.741665335407196,./images/15.jpg,14.610848961494517,0.20745263468575303
93.37567365702216,28.39220150656724,4.385367921737839,100.64320744063207,14.442855280813887,3.741665335407196,./images/15.jpg,14.728004013290938,0.35533986480755164
92.0550957403831,21.187269928993516,4.749730640969481,100.64320744063207,14.442855280813887,3.741665335407196,./images/15.jpg,8.090507024434638,0.24582340128565483
92.42433697643682,17.161878463084545,4.885056627581923,100.64320744063207,14.442855280813887,3.741665335407196,./images/15.jpg,14.268289866391973,-0.7176628750478196
91.32243168695327,10.311010191747645,4.05469790161169,100.64320744063207,14.442855280813887,3.741665335407196,./images/15.jpg,-8.026441921301014,0.9799404250407902
94.56412639391972,12.500448585034205,3.2569946396428295,100.64320744063207,14.442855280813887,3.741665335407196,./images/15.jpg,-12.884468658391524,-0.5137177839453906
62.0,36.0,0.7599310300358468,49.73777365537467,80.7214334757686,6.213395985680449,./images/16.jpg,13.05844090285224,0.6053458366690936
65.47183380681166,41.41786919711247,1.362372285464664,49.73777365537467,80.7214334757686,6.213395985680449,./images/16.jpg,14.103956791622526,-0.08215978877553698
67.14355881982206,48.26709465012613,1.2849461181193926,49.73777365537467,80.7214334757686,6.213395985680449,./images/16.jpg,10.498345995738621,-0.15281918253777116
68.8386079341991,53.232476862274154,1.1771490785134635,49.73777365537467,80.7214334757686,6.213395985680449,./images/16.jpg,14.618846225637729,0.39441226753872516
70.50386287831745,60.30035442383193,1.5827948816382391,49.73777365537467,80.7214334757686,6.213395985680449,./images/16.jpg,10.218385627350786,-0.42655913159112857
71.07189157564811,65.35818364880983,1.2732030220398243,49.73777365537467,80.7214334757686,6.213395985680449,./images/16.jpg,13.830329186661405,-0.12916536997237138
73.41247009971777,71.860979215925,1.1534429609849066,49.73777365537467,80.7214334757686,6.213395985680449,./images/16.jpg,11.246210602790653,-0.543561022225574
76.55495060549283,76.46839062771163,0.7003852039464906,49.73777365537467,80.7214334757686,6.213395985680449,./images/16.jpg,-10.100468903439268,0.5119713788283256
72.27156747315587,73.84796073999394,0.3219881293121566,49.73777365537467,80.7214334757686,6.213395985680449,./images/16.jpg,-9.292857187979987,0.14788072220416182
67.8141816744631,72.54170509960262,0.22969876793541544,49.73777365537467,80.7214334757686,6.213395985680449,./images/16.jpg,-11.050842938951687,0.3218005685538161
62.34963978898124,71.81921011714986,6.267268846263444,49.73777365537467,80.7214334757686,6.213395985680449,./images/16.jpg,-11.650366860094003,0.6853503600822191
56.82549226699894,73.34752584913404,5.632285754203724,49.73777365537467,80.7214334757686,6.213395985680449,./images/16.jpg,-8.76191194909607,0.7791539240768686
54.07668152801055,76.6838627682123,5.055407979711012,49.73777365537467,80.7214334757686,6.213395985680449,./images/16.jpg,-13.986618308646175,-0.1833234139470412
51.27851542768421,83.08384828627624,5.228287319950394,49.73777365537467,80.7214334757686,6.213395985680449,./images/16.jpg,9.371908102356326,0.3982452323583392
53.997673713511794,79.28342425630856,5.491154541167976,49.73777365537467,80.7214334757686,6.213395985680449,./images/16.jpg,-9.760025016413156,-0.3632891433144807
50.2527717736518,82.39371104560288,5.738514350004645,49.73777365537467,80.7214334757686,6.213395985680449,./images/16.jpg,14.790467643867853,0.24123309032481077
56.90369185106737,79.20031980551852,5.981101717018685,49.73777365537467,80.7214334757686,6.213395985680449,./images/16.jpg,-14.682838991198613,-0.23300184052264195
102.0,66.0,3.1067562307355168,71.13988148697698,48.798692382777055,1.4124899807406546,./images/17.jpg,14.940329875333529,-0.5775631462011062
94.97129549504484,68.13176264323033,2.4576575326850247,71.13988148697698,48.798692382777055,1.4124899807406546,./images/17.jpg,11.070577131496849,-0.5558697947052169
91.42072877246815,72.31757691415538,1.999180123454356,71.13988148697698,48.798692382777055,1.4124899807406546,./images/17.jpg,-9.905894490562398,0.46919582180191854
92.85179035053737,67.59904411227774,1.664390851539428,71.13988148697698,48.798692382777055,1.4124899807406546,./images/17.jpg,-11.435576900684117,0.08851009892022521
93.2318605122888,61.89495067431587,1.5967364874114565,71.13988148697698,48.798692382777055,1.4124899807406546,./images/17.jpg,-12.939783428257117,0.500096695327275
92.19370284698181,55.567012148912475,1.1253591121833484,71.13988148697698,48.798692382777055,1.4124899807406546,./images/17.jpg,-8.32639695748889,0.5752583387946901
89.89148113771162,52.1241798076248,0.765429850124616,71.13988148697698,48.798692382777055,1.4124899807406546,./images/17.jpg,-13.430115201468425,0.1703935942512329
84.77689160437043,47.78281783871949,0.6113756475204912,71.13988148697698,48.798692382777055,1.4124899807406546,./images/17.jpg,-11.46038190908316,0.38793131995542995
79.73125341926,45.11423102930495,0.2991652388367583,71.13988148697698,48.798692382777055,1.4124899807406546,./images/17.jpg,-8.171336991043006,0.21467930877882657
75.77650842125405,44.09744835005514,0.18038709160521396,71.13988148697698,48.798692382777055,1.4124899807406546,./images/17.jpg,-12.430134788506692,-0.7391344688426138
70.39586859031432,41.27894840542195,0.935727960010219,71.13988148697698,48.798692382777055,1.4124899807406546,./images/17.jpg,-10.316389451341596,-0.28224561328140063
67.68083801990463,36.90276057574127,1.135169351534582,71.13988148697698,48.798692382777055,1.4124899807406546,./images/17.jpg,13.33980349365903,0.21292855010088263
70.01899684938107,43.13887938175831,1.3274456850282403,71.13988148697698,48.798692382777055,1.4124899807406546,./images/17.jpg,9.754641329125764,-0.16759799437013267
71.40066357207729,47.81394367630919,1.2174230508188901,71.13988148697698,48.798692382777055,1.4124899807406546,./images/17.jpg,-12.02662066795622,0.012240537083215486
69.29754513650963,42.18042653646512,1.2076084075507534,71.13988148697698,48.798692382777055,1.4124899807406546,./images/17.jpg,10.634610421582636,-0.004579010810731754
71.19300180692674,47.148419579591426,1.2043619851218847,71.13988148697698,48.798692382777055,1.4124899807406546,./images/17.jpg,-8.876900777693654,-0.13122081345360503
69.73332520305372,42.95800505252902,1.2824664007282651,71.13988148697698,48.798692382777055,1.4124899807406546,./images/17.jpg,12.02345763669882,0.16081167306551714
63.0,81.0,1.9188007089856234,37.81073329936035,84.96470295368354,4.713226563654085,./images/18.jpg,-8.847212217125174,-0.8793035046840949
65.56399492860274,77.50541641313188,2.631266648146455,37.81073329936035,84.96470295368354,4.713226563654085,./images/18.jpg,-12.281125030031983,0.21729580333024456
70.68477443419903,74.13115200258699,2.450503463449811,37.81073329936035,84.96470295368354,4.713226563654085,./images/18.jpg,-12.64341954806082,0.5282274942509373
74.63586469623354,69.27468536247346,1.9586420121811614,37.81073329936035,84.96470295368354,4.713226563654085,./images/18.jpg,-11.216964325653603,0.40589077756868797
76.06795722959446,63.87606213294503,1.6372726827798338,37.81073329936035,84.96470295368354,4.713226563654085,./images/18.jpg,-11.347213046737636,0.0331301949142675
76.38804141413169,58.21163467604011,1.6122011505237748,37.81073329936035,84.96470295368354,4.713226563654085,./images/18.jpg,-10.97683425501906,0.8946626485987015
74.70112984851997,53.179369259728986,0.7000720967678036,37.81073329936035,84.96470295368354,4.713226563654085,./images/18.jpg,-11.621862907068937,-0.1870191010736948
70.48765265346273,49.18493488609256,0.8466861170943739,37.81073329936035,84.96470295368354,4.713226563654085,./images/18.jpg,8.551018046895756,-0.9019356385151562
74.0391871947032,51.40262665647275,0.12544770500249064,37.81073329936035,84.96470295368354,4.713226563654085,./images/18.jpg,-11.290036650992201,0.6029264849737921
68.47329436080996,51.85904584231579,5.89046425138025,37.81073329936035,84.96470295368354,4.713226563654085,./images/18.jpg,-11.916280423491354,0.0758453735555924
63.026195460542795,54.27114029155644,5.830095466727627,37.81073329936035,84.96470295368354,4.713226563654085,./images/18.jpg,-14.766386772073673,-0.06137607344674345
56.312700397819505,57.341086609973075,5.890591638560574,37.81073329936035,84.96470295368354,4.713226563654085,./images/18.jpg,-12.695072640881348,0.5542533254512318
51.138771672560914,60.897022936862484,5.366731419808497,37.81073329936035,84.96470295368354,4.713226563654085,./images/18.jpg,-11.109973642090226,-0.27506276603335067
47.408042359974324,64.99968354217275,5.5757591888506575,37.81073329936035,84.96470295368354,4.713226563654085,./images/18.jpg,-14.691728908942961,0.14930083681827422
42.12037072309914,70.08973407690657,5.428430374507278,37.81073329936035,84.96470295368354,4.713226563654085,./images/18.jpg,-13.162605724270897,0.4833673854375926
38.811336570428004,75.71410763314037,4.967828290334366,37.81073329936035,84.96470295368354,4.713226563654085,./images/18.jpg,-8.471607890111814,0.3096756264634102
38.040865270667474,79.8736248277187,4.787117663615752,37.81073329936035,84.96470295368354,4.713226563654085,./images/18.jpg,-10.194779956599813,0.10829368706918974
52.0,89.0,2.758631976660462,6.595866960728093,13.86978672560167,4.546917325783994,./images/19.jpg,-12.696040773417332,-0.047544759808339165
57.92524622227389,86.72324973786446,2.798904340456059,6.595866960728093,13.86978672560167,4.546917325783994,./images/19.jpg,12.654276166912753,0.7535596455699201
51.757649655927366,86.88409018940392,3.5904441393626434,6.595866960728093,13.86978672560167,4.546917325783994,./images/19.jpg,13.556629596530762,0.35562776137391694
46.12494248063897,83.16852206735662,3.926123756249014,6.595866960728093,13.86978672560167,4.546917325783994,./images/19.jpg,12.743590175032793,-0.24326647351791553
41.26097267249767,79.07006189160919,3.7152754707475593,6.595866960728093,13.86978672560167,4.546917325783994,./images/19.jpg,13.916556342749216,0.07592923731375234
35.52673532966473,75.13091676127058,3.7858560617470864,6.595866960728093,13.86978672560167,4.546917325783994,./images/19.jpg,11.896858116116,0.439234813775341
31.377162313184808,70.91505714556945,4.158502209828387,6.595866960728093,13.86978672560167,4.546917325783994,./images/19.jpg,11.159520087474174,-0.04541824906417302
28.378449766930377,66.20989002266776,4.124689232446978,6.595866960728093,13.86978672560167,4.546917325783994,./images/19.jpg,12.070471520208141,-0.12668453518200096
24.83067350617111,61.33067339594685,4.022197544588481,6.595866960728093,13.86978672560167,4.546917325783994,./images/19.jpg,13.521065322975431,0.12971283281721124
20.778452466068977,55.92384666326237,4.139781464116663,6.595866960728093,13.86978672560167,4.546917325783994,./images/19.jpg,13.501712039949986,-0.056539586681903176
17.006197213188162,50.32610739108294,4.088835084141433,6.595866960728093,13.86978672560167,4.546917325783994,./images/19.jpg,10.233528788623145,0.8910396516718344
15.60385151488413,45.555849385820565,4.932915067306573,6.595866960728093,13.86978672560167,4.546917325783994,./images/19.jpg,14.63774977931262,-0.5276925243171373
15.5534790895072,38.33150169893233,4.364168653697151,6.595866960728093,13.86978672560167,4.546917325783994,./images/19.jpg,13.35222672453997,0.20655781674796936
13.752047694864933,31.91266907966981,4.550696152480673,6.595866960728093,13.86978672560167,4.546917325783994,./images/19.jpg,14.924500525580301,-0.236200511824062
11.856143302720083,24.71296814604635,4.311214235270057,6.595866960728093,13.86978672560167,4.546917325783994,./images/19.jpg,10.56484107667294,0.05315421249425878
9.866591074162885,19.81985930493098,4.348687254141425,6.595866960728093,13.86978672560167,4.546917325783994,./images/19.jpg,10.756056398044704,-0.0774886757734945
7.842229382364263,14.838095045366886,4.293010935663164,6.595866960728093,13.86978672560167,4.546917325783994,./images/19.jpg,13.124140460868016,0.4130810857230729
6.127465366487124,8.543965201241463,4.676497658671123,6.595866960728093,13.86978672560167,4.546917325783994,./images/19.jpg,-10.699944395354882,0.17969613185091093
79.0,53.0,0.13387730085924798,15.767086271866507,61.36815830883071,4.304043597491849,./images/20.jpg,-13.441051259074081,0.607060801360378
72.42690270142594,53.7597218868513,5.794694570306778,15.767086271866507,61.36815830883071,4.304043597491849,./images/20.jpg,-14.948649588716803,0.08844659004857913
65.95687274793637,57.497280870720424,5.706320199583752,15.767086271866507,61.36815830883071,4.304043597491849,./images/20.jpg,-14.995832896616255,-0.2818646598668013
59.26439246343692,60.82196531303354,5.995814008922231,15.767086271866507,61.36815830883071,4.304043597491849,./images/20.jpg,-14.336559885885583,0.004894090282717256
52.393887104316796,62.86654436641363,5.9911363436804965,15.767086271866507,61.36815830883071,4.304043597491849,./images/20.jpg,-14.083753988444466,0.005302241969867394
45.65424910633487,64.90742969795656,5.986157932260383,15.767086271866507,61.36815830883071,4.304043597491849,./images/20.jpg,-12.291591555539275,-0.8902677915426784
39.79169881137954,64.27259547352993,0.7152062096369037,15.767086271866507,61.36815830883071,4.304043597491849,./images/20.jpg,-12.920770443920594,0.015022252381671208
34.89254745495652,60.06138020412061,0.7022652978671311,15.767086271866507,61.36815830883071,4.304043597491849,./images/20.jpg,-13.254730394723834,0.6028149458407945
29.038645559680653,57.1684523456227,0.09407000107205844,15.767086271866507,61.36815830883071,4.304043597491849,./images/20.jpg,-14.498119644878072,-0.10080969670361117
21.856522902955525,56.206261643412844,0.1918381546674525,15.767086271866507,61.36815830883071,4.304043597491849,./images/20.jpg,-13.297778502409159,0.11940163623901978
15.284569368502858,55.217746030319006,0.08548046784157218,15.767086271866507,61.36815830883071,4.304043597491849,./images/20.jpg,-9.212027683453437,0.5847303816829792
10.722550564872195,55.5703155341942,5.962138750400214,15.767086271866507,61.36815830883071,4.304043597491849,./images/20.jpg,-8.778037768106289,0.8046504596697452
7.068674640316775,57.88315448452963,5.353958025740222,15.767086271866507,61.36815830883071,4.304043597491849,./images/20.jpg,7.8169810337246615,0.15260377516546053
9.506267625265439,54.82920796496991,5.434107889234361,15.767086271866507,61.36815830883071,4.304043597491849,./images/20.jpg,10.938385564723271,-0.2199191803909255
12.840901812684944,50.501535014869745,5.271100740816568,15.767086271866507,61.36815830883071,4.304043597491849,./images/20.jpg,-8.952863088379818,0.7414023028644903
11.365414091581885,54.67130954963462,4.724579611856501,15.767086271866507,61.36815830883071,4.304043597491849,./images/20.jpg,14.396152889575745,-0.0011797055922802002
11.449901335430237,47.473729324508,4.723447396526521,15.767086271866507,61.36815830883071,4.304043597491849,./images/20.jpg,-9.816210854494077,0.09714017601705249
11.52080860507661,52.38052409095369,4.65967678918588,15.767086271866507,61.36815830883071,4.304043597491849,./images/20.jpg,-8.64498694063903,0.8019247832883183
12.743418381014763,56.462756207188555,4.063972761218371,15.767086271866507,61.36815830883071,4.304043597491849,./images/20.jpg,-11.551462096093225,-0.3021931036093297
48.0,6.0,4.390196807842571,83.10060079898561,115.6133594244064,6.159176985768713,./images/21.jpg,-10.787282671538275,-0.007320721158426524
49.69709890151914,11.11968335628643,4.395461614461459,83.10060079898561,115.6133594244064,6.159176985768713,./images/21.jpg,10.482411728608797,0.7309785625049834
49.35540872052898,5.971759543992382,5.0220871513383,83.10060079898561,115.6133594244064,6.159176985768713,./images/21.jpg,-10.62916705094082,-0.14338843663021583
47.53071057933323,10.960910899003387,5.124395921792303,83.10060079898561,115.6133594244064,6.159176985768713,./images/21.jpg,-14.958802724588327,0.30077522843123194
45.41246712226801,18.10426722613942,4.815061979898686,83.10060079898561,115.6133594244064,6.159176985768713,./images/21.jpg,-11.138638179370172,-0.020775132761074344
44.807478070306615,23.64057580179892,4.830491312224355,83.10060079898561,115.6133594244064,6.159176985768713,./images/21.jpg,-11.807905397305847,0.35529510756581173
44.800006019231546,29.524396268887937,4.538410310570772,83.10060079898561,115.6133594244064,6.159176985768713,./images/21.jpg,-14.76977681022199,0.13636169720725255
46.4681469093365,36.71287924860828,4.403303063962599,83.10060079898561,115.6133594244064,6.159176985768713,./images/21.jpg,-14.909270150093612,-0.3543036025076116
47.66414490120457,44.030168048388845,4.770978823880459,83.10060079898561,115.6133594244064,6.159176985768713,./images/21.jpg,-8.985832729443143,0.06255404395899489
47.46841245566405,48.518565614370736,4.733456524379457,83.10060079898561,115.6133594244064,6.159176985768713,./images/21.jpg,-11.951841798642239,-0.5408263405088372
46.21973252133423,54.30673766228673,5.211971169767874,83.10060079898561,115.6133594244064,6.159176985768713,./images/21.jpg,-9.346035713218342,-0.18469149212303915
43.793904792173315,58.297827151935394,5.328373270089229,83.10060079898561,115.6133594244064,6.159176985768713,./images/21.jpg,-12.741827669979582,0.08814925888539005
40.271613775648085,63.604776530873316,5.253299877500167,83.10060079898561,115.6133594244064,6.159176985768713,./images/21.jpg,-13.797202027037825,-0.059355635340180735
36.59140644944001,69.43876281083213,5.307960196498188,83.10060079898561,115.6133594244064,6.159176985768713,./images/21.jpg,-14.729896898319826,-0.2036471423503068
31.98695542196847,75.1714124176,5.510751469409195,83.10060079898561,115.6133594244064,6.159176985768713,./images/21.jpg,-14.665505952706425,0.2447906077465014
27.270578604005703,80.76327757300136,5.266521714199613,83.10060079898561,115.6133594244064,6.159176985768713,./images/21.jpg,-14.608727850781255,-0.9013302248995165
21.324271091348763,84.20277741295915,0.2139820889517816,83.10060079898561,115.6133594244064,6.159176985768713,./images/21.jpg,14.983148602352403,0.00385845793585049
28.64251987958158,85.8049176967201,0.2178362313201542,83.10060079898561,115.6133594244064,6.159176985768713,./images/21.jpg,9.591434653597904,0.14134230198931963
33.28255247160403,87.0106435617007,0.308821292486927,83.10060079898561,115.6133594244064,6.159176985768713,./images/21.jpg,14.355306906676864,-0.14543132707018303
40.226694188072656,88.80415316404721,0.1686509269450283,83.10060079898561,115.6133594244064,6.159176985768713,./images/21.jpg,10.024665000440859,0.5403086073679155
44.939748841347495,90.4132550254154,0.5695367427805169,83.10060079898561,115.6133594244064,6.159176985768713,./images/21.jpg,13.600455904436982,0.21045562774249782
50.357435250347415,94.50631658205536,0.7632242965888335,83.10060079898561,115.6133594244064,6.159176985768713,./images/21.jpg,13.974578481154762,0.09522289997970135
55.229907885401865,99.51134441168034,0.8522067317012432,83.10060079898561,115.6133594244064,6.159176985768713,./images/21.jpg,12.946012490928174,0.0736379280759929
59.36511094709072,104.48993044289904,0.9158763595668317,83.10060079898561,115.6133594244064,6.159176985768713,./images/21.jpg,14.351025223622946,-0.24189994890491406
64.24187856386658,109.73168542794329,0.6798198170758667,83.10060079898561,115.6133594244064,6.159176985768713,./images/21.jpg,13.399952672496251,-0.19161974913246493
69.7249980405975,113.56800192369595,0.5065137436779464,83.10060079898561,115.6133594244064,6.159176985768713,./images/21.jpg,13.451545036848351,-0.4629579290887762
76.04243759902475,115.71403174967608,0.058901747766364365,83.10060079898561,115.6133594244064,6.159176985768713,./images/21.jpg,14.136673383733555,-0.19169719869872703
94.0,24.0,1.074907251526412,31.222486154232637,38.773839203683586,2.908520546829235,./images/22.jpg,13.246813101964545,0.24192933734668287
96.62738014383052,30.066297714919266,1.292828409633096,31.222486154232637,38.773839203683586,2.908520546829235,./images/22.jpg,-11.371990329533613,-0.48446710045377683
95.96019475174236,24.45597907397589,1.6918351306344175,31.222486154232637,38.773839203683586,2.908520546829235,./images/22.jpg,12.31636468612239,0.7473693956499285
93.47727963932891,29.936252433695124,2.4527358948869766,31.222486154232637,38.773839203683586,2.908520546829235,./images/22.jpg,14.04287312096626,-0.1478405780549079
88.31814278727178,34.69096126584544,2.313311521100731,31.222486154232637,38.773839203683586,2.908520546829235,./images/22.jpg,14.808730076915724,0.13867888392000682
83.02282478282439,39.85826229406898,2.4511065500191593,31.222486154232637,38.773839203683586,2.908520546829235,./images/22.jpg,14.455057618449079,-0.37347146785930385
78.2344186941886,45.2169065713124,2.073480436976795,31.222486154232637,38.773839203683586,2.908520546829235,./images/22.jpg,9.678895798008458,0.05511273333056743
75.84284699452012,49.42383734941865,2.1090785131714624,31.222486154232637,38.773839203683586,2.908520546829235,./images/22.jpg,-7.650232275241018,0.5507675236396745
77.37203585223264,45.93405188882028,1.795846512961174,31.222486154232637,38.773839203683586,2.908520546829235,./images/22.jpg,8.251443059486084,-0.6705704618075485
77.16527875914855,50.023199007871675,1.3595194916129667,31.222486154232637,38.773839203683586,2.908520546829235,./images/22.jpg,-8.677113797319691,0.8049939597108615
75.29798435475323,46.176456374564616,0.7579177492583179,31.222486154232637,38.773839203683586,2.908520546829235,./images/22.jpg,-10.49257848511894,0.47446261595596484
71.03267741174159,43.16852338877051,0.3986569041545791,31.222486154232637,38.773839203683586,2.908520546829235,./images/22.jpg,-14.834988442292413,0.20988364285758632
63.99125819925566,40.87886285263133,0.18797949294992516,31.222486154232637,38.773839203683586,2.908520546829235,./images/22.jpg,-10.203108364371884,0.7122960918148318
58.9653830111722,41.115111883965014,5.883786144440796,31.222486154232637,38.773839203683586,2.908520546829235,./images/22.jpg,-13.321449049685338,0.23066848393207962
53.07633126126694,44.20220394059721,5.675217895918999,31.222486154232637,38.773839203683586,2.908520546829235,./images/22.jpg,-8.219572354144614,0.5703572964192289
50.080107106407254,46.98548847060405,5.323709114100764,31.222486154232637,38.773839203683586,2.908520546829235,./images/22.jpg,-13.037271096500971,0.42114927475601505
47.22934818129968,52.80381541909435,4.93437124147515,31.222486154232637,38.773839203683586,2.908520546829235,./images/22.jpg,8.06937640398699,-0.45963740444675927
47.692869936685305,48.80735242032122,4.668083300326428,31.222486154232637,38.773839203683586,2.908520546829235,./images/22.jpg,-8.542853633202052,0.6059623203170308
48.54518139750967,52.96577054182741,4.273445774421577,31.222486154232637,38.773839203683586,2.908520546829235,./images/22.jpg,10.268467330690322,-0.12948915220587165
46.199670296882516,48.40044693559817,4.184303311002283,31.222486154232637,38.773839203683586,2.908520546829235,./images/22.jpg,13.665666370168472,-0.6213383908255798
41.43294995595444,43.66778822052099,3.5320579427107566,31.222486154232637,38.773839203683586,2.908520546829235,./images/22.jpg,12.633433189846903,-0.006483299009409249
35.58644911920328,41.27629468543069,3.526597444544189,31.222486154232637,38.773839203683586,2.908520546829235,./images/22.jpg,12.041001465003497,-0.25854369798695354
29.845363905688497,39.499818212148654,3.3143043268202597,31.222486154232637,38.773839203683586,2.908520546829235,./images/22.jpg,7.690360470170058,-0.14504127529257604
26.040152343053137,38.95287787191252,3.2394171430057637,31.222486154232637,38.773839203683586,2.908520546829235,./images/22.jpg,-10.41641540344357,0.4446736027766154
34.0,47.0,1.5699728839926714,90.28357083877403,109.20898037675042,3.1903532122683758,./images/23.jpg,11.803142711129636,0.20568309889415648
33.617998384163535,52.882821467372054,1.7341416537646666,90.28357083877403,109.20898037675042,3.1903532122683758,./images/23.jpg,14.098571290213378,-0.5649289461217375
34.13840726605555,59.81292098704465,1.13839503728647,90.28357083877403,109.20898037675042,3.1903532122683758,./images/23.jpg,10.324542791342964,0.1253126948790535
36.13723512279877,64.57083111191788,1.2251024619226776,90.28357083877403,109.20898037675042,3.1903532122683758,./images/23.jpg,8.665281328305587,0.7381241651190373
36.71605124768699,68.81649017393175,1.7505972591623848,90.28357083877403,109.20898037675042,3.1903532122683758,./images/23.jpg,14.601675627147712,0.2226220142924875
34.786896998698204,75.84314257314745,1.9709600753114505,90.28357083877403,109.20898037675042,3.1903532122683758,./images/23.jpg,9.518970973126317,-0.8227382402413717
34.197029934106006,80.47667186833405,1.2871080908786243,90.28357083877403,109.20898037675042,3.1903532122683758,./images/23.jpg,14.725275349900967,0.3508478400077435
35.21894684847229,87.7297106388022,1.6463946034650874,90.28357083877403,109.20898037675042,3.1903532122683758,./images/23.jpg,11.219862820368132,0.8397768266765975
33.04831341766703,92.73428615462142,2.4805027900374093,90.28357083877403,109.20898037675042,3.1903532122683758,./images/23.jpg,-13.835050105868845,-0.4450079000892966
39.12036532869641,89.5333324679373,2.9203770098843433,90.28357083877403,109.20898037675042,3.1903532122683758,./images/23.jpg,-10.135264490733247,-0.8406091476562421
44.05716215765763,89.932501006567,3.6751167730058425,90.28357083877403,109.20898037675042,3.1903532122683758,./images/23.jpg,-13.92280013815162,-0.25126031453851216
49.6742066880716,94.01786831462407,3.913368221867331,90.28357083877403,109.20898037675042,3.1903532122683758,./images/23.jpg,-11.505758986243382,0.42717180450186043
54.2929263433936,97.40039601184529,3.5642049562603466,90.28357083877403,109.20898037675042,3.1903532122683758,./images/23.jpg,-12.879099095993771,0.18580729168015941
60.31780215462997,99.65479720969884,3.402807923154634,90.28357083877403,109.20898037675042,3.1903532122683758,./images/23.jpg,-12.448761226379112,-0.09987922902333923
66.27259055325885,101.46089110015178,3.4859761771259516,90.28357083877403,109.20898037675042,3.1903532122683758,./images/23.jpg,-13.591327584658101,0.17804649923530458
72.7982257535491,103.33145022256649,3.322923686909385,90.28357083877403,109.20898037675042,3.1903532122683758,./images/23.jpg,-13.730458784167503,-0.18483830054172845
79.44259651025229,105.02655167446488,3.4940715521826853,90.28357083877403,109.20898037675042,3.1903532122683758,./images/23.jpg,-14.565114627387668,-0.13194384805374204
86.13435748350587,107.88759218254596,3.6229387302347043,90.28357083877403,109.20898037675042,3.1903532122683758,./images/23.jpg,-8.774625248683261,0.6367432956685379
105.0,114.0,3.2983529998465215,31.468251125368432,26.40077516264693,5.274668957619644,./images/24.jpg,10.045078338680758,0.9384347164543574
100.79123782272008,111.57716975327232,4.21228383945276,31.468251125368432,26.40077516264693,5.274668957619644,./images/24.jpg,14.977713900226643,-0.23839889060356123
96.59013853173505,105.39897899939457,3.969624532475897,31.468251125368432,26.40077516264693,5.274668957619644,./images/24.jpg,12.390894559994027,-0.637432471170226
91.49630114393788,102.03733894650223,3.3578773109468507,31.468251125368432,26.40077516264693,5.274668957619644,./images/24.jpg,13.124684944112055,-0.6817821445444847
85.08034408802465,102.47283546121288,2.6477328250586107,31.468251125368432,26.40077516264693,5.274668957619644,./images/24.jpg,-9.667429800225658,0.9625398340487672
88.11253462079105,98.92153516698501,1.7221684307825154,31.468251125368432,26.40077516264693,5.274668957619644,./images/24.jpg,-14.078649687680798,0.41885758382894567
88.00229756890911,91.93214633663787,1.304311292747093,31.468251125368432,26.40077516264693,5.274668957619644,./images/24.jpg,-12.720375099534081,-0.44466695963695235
87.34097144541272,85.64812456964195,1.7083904941290013,31.468251125368432,26.40077516264693,5.274668957619644,./images/24.jpg,-13.957570500897763,0.43508077854101246
87.09582060800419,78.72578159619681,1.27590598398098,31.468251125368432,26.40077516264693,5.274668957619644,./images/24.jpg,-14.99800665692635,-0.3084461321026568
85.85095757212642,71.36166323358955,1.594478689612437,31.468251125368432,26.40077516264693,5.274668957619644,./images/24.jpg,-10.58009334095061,0.20223876198176316
85.67039733894498,66.0791263350783,1.449854559773693,31.468251125368432,26.40077516264693,5.274668957619644,./images/24.jpg,-12.678778444597864,0.10477925382180509
84.68265305595168,59.81918866180038,1.360964158332701,31.468251125368432,26.40077516264693,5.274668957619644,./images/24.jpg,-10.309506573058918,0.7619514606142908
82.37837934406083,55.30700369249991,0.7051608465981499,31.468251125368432,26.40077516264693,5.274668957619644,./images/24.jpg,-14.443481415973789,-0.4608913354848827
77.91015370982696,49.717597500514536,1.1832972690083603,31.468251125368432,26.40077516264693,5.274668957619644,./images/24.jpg,-11.530767814882623,-0.05142688243412663
75.81644859515494,44.34620219761392,1.2228649197211243,31.468251125368432,26.40077516264693,5.274668957619644,./images/24.jpg,-12.14292897607731,0.05207186429824695
73.65048610428985,38.67469110027594,1.1806731154398413,31.468251125368432,26.40077516264693,5.274668957619644,./images/24.jpg,11.520732371128537,-0.5019885036560479
76.68255527437863,43.52435299934381,0.7591008954186452,31.468251125368432,26.40077516264693,5.274668957619644,./images/24.jpg,-14.59233375632231,0.25557746253393354
70.92205499687225,39.07732291449091,0.5049106457323717,31.468251125368432,26.40077516264693,5.274668957619644,./images/24.jpg,-11.523441564094785,-0.29867921114602236
66.17578759003275,35.83355193164935,0.7414405507568801,31.468251125368432,26.40077516264693,5.274668957619644,./images/24.jpg,-12.181024026839298,-0.026642718802168286
61.719913445056626,31.68166893323474,0.7630813779921864,31.468251125368432,26.40077516264693,5.274668957619644,./images/24.jpg,-12.905738429051292,-0.1028225708230388
57.21906838809055,27.06044987273483,0.8518612200478916,31.468251125368432,26.40077516264693,5.274668957619644,./images/24.jpg,-14.853315470146832,0.3385042777074052
51.625972474374066,22.229475033369017,0.5032490687122727,31.468251125368432,26.40077516264693,5.274668957619644,./images/24.jpg,-11.914096523074353,-0.21714043248160686
46.6276425388296,19.002086970927376,0.678480623483126,31.468251125368432,26.40077516264693,5.274668957619644,./images/24.jpg,-14.48515589559184,0.3143971874848892
40.48834932378758,15.213751429734842,0.3644590950226235,31.468251125368432,26.40077516264693,5.274668957619644,./images/24.jpg,-14.663592159704182,-0.26236392525774077
33.96781116751856,11.905873169804305,0.626990529146993,31.468251125368432,26.40077516264693,5.274668957619644,./images/24.jpg,14.865081228809368,-0.8333632030209122
40.9229662432849,13.247912154529976,5.819233040742769,31.468251125368432,26.40077516264693,5.274668957619644,./images/24.jpg,-14.709300851374849,0.32126737955352325
34.85605104876825,17.34963053566862,5.4928860603567236,31.468251125368432,26.40077516264693,5.274668957619644,./images/24.jpg,7.747041906660738,-0.6398266941703159
37.11449204943911,14.230805868149568,5.108491021333815,31.468251125368432,26.40077516264693,5.274668957619644,./images/24.jpg,-12.502410734558007,-0.006565138556568373
34.69000517828682,19.992692568309202,5.113963103869097,31.468251125368432,26.40077516264693,5.274668957619644,./images/24.jpg,-14.35961598078812,-0.1663219056262868
53.0,25.0,4.450601455448158,99.80153585438417,95.37497641163135,2.6140714217235175,./images/25.jpg,-11.805429148337518,-0.675049252187405
53.056810277411024,30.809139807372688,5.080622385518512,99.80153585438417,95.37497641163135,2.6140714217235175,./images/25.jpg,-10.78601966052122,0.15208194225422456
51.33995339091713,35.918807866184125,4.97041415219217,99.80153585438417,95.37497641163135,2.6140714217235175,./images/25.jpg,-11.66084257777645,0.3981402853799143
50.60327224876575,41.67739632686667,4.643441955648679,99.80153585438417,95.37497641163135,2.6140714217235175,./images/25.jpg,-13.98719337447498,-0.015701968490350104
51.044200700605586,48.65701936497039,4.65808492372754,99.80153585438417,95.37497641163135,2.6140714217235175,./images/25.jpg,-14.265011636246104,0.07358903352562551
51.63076926983691,55.76395787167103,4.587975093718887,99.80153585438417,95.37497641163135,2.6140714217235175,./images/25.jpg,-9.591090920126117,0.3995805015600504
52.73213305810069,60.41695903854614,4.317954667945866,99.80153585438417,95.37497641163135,2.6140714217235175,./images/25.jpg,-12.191559075682166,-0.2678018676853624
54.56033070769046,66.21942390725935,4.540973291461924,99.80153585438417,95.37497641163135,2.6140714217235175,./images/25.jpg,-12.333969925312779,0.8177978791424156
57.54327146607972,71.40088827674117,3.6636222885420446,99.80153585438417,95.37497641163135,2.6140714217235175,./images/25.jpg,-10.93865400208327,-0.42506497261739473
61.864911582652546,74.71405713205633,3.9937227436184988,99.80153585438417,95.37497641163135,2.6140714217235175,./images/25.jpg,-12.943599730188948,0.10916510954797887
66.30542123583047,79.41895939585618,3.8991474607615575,99.80153585438417,95.37497641163135,2.6140714217235175,./images/25.jpg,-8.853520317547286,0.5643497250304288
69.9183587963191,81.93391249293938,3.5255137957300056,99.80153585438417,95.37497641163135,2.6140714217235175,./images/25.jpg,-12.89382132260959,0.1691621976081481
76.02210912617834,83.99188964929488,3.3787009150889338,99.80153585438417,95.37497641163135,2.6140714217235175,./images/25.jpg,-12.796632654061684,-0.056715950813521765
82.21054392098301,85.61486328875554,3.4271377410065864,99.80153585438417,95.37497641163135,2.6140714217235175,./images/25.jpg,-8.821507878729093,0.4407823575001484
86.54089621689582,86.37860312706707,3.149709178545378,99.80153585438417,95.37497641163135,2.6140714217235175,./images/25.jpg,-13.59748285270486,0.03853805582900072
93.33918852497507,86.33873559066154,3.114757169916053,99.80153585438417,95.37497641163135,2.6140714217235175,./images/25.jpg,-14.085108416444527,-0.10154038504635321
100.37870405144162,86.41923594281437,3.210433373189953,99.80153585438417,95.37497641163135,2.6140714217235175,./images/25.jpg,-8.787316696553388,0.41303108273105593
104.75827705727698,86.27092507870866,2.9537033414388927,99.80153585438417,95.37497641163135,2.6140714217235175,./images/25.jpg,12.898414956263958,-0.5916740505059992
98.94539541431334,88.8599898291785,2.375869052234,99.80153585438417,95.37497641163135,2.6140714217235175,./images/25.jpg,11.235209339821825,-0.4228816962794699
95.47172329901032,93.24236922354449,2.038787759453428,99.80153585438417,95.37497641163135,2.6140714217235175,./images/25.jpg,11.743549264765637,-0.6320174139582866
94.10162968988253,98.87295296595249,1.4655387930436505,99.80153585438417,95.37497641163135,2.6140714217235175,./images/25.jpg,12.047431250617274,0.27891055074174065
94.18130444359909,104.88340135811892,1.695544464457738,99.80153585438417,95.37497641163135,2.6140714217235175,./images/25.jpg,-14.465533472703903,-0.5394182485086125
96.66644948317666,98.19336066689425,2.272853407910739,99.80153585438417,95.37497641163135,2.6140714217235175,./images/25.jpg,-8.470781373432795,-0.5435213945654063
116.0,72.0,0.7648367437187248,40.43783343426686,79.44641160623561,4.596083808889668,./images/26.jpg,-14.20987381440009,0.7043620028052171
109.74558297467249,69.03387158942421,6.243011337414806,40.43783343426686,79.44641160623561,4.596083808889668,./images/26.jpg,-11.767938753973146,-0.34107720567404676
103.89471560297497,68.61650633234564,0.23829416723387992,40.43783343426686,79.44641160623561,4.596083808889668,./images/26.jpg,-14.352422295442183,-0.0073537323521399856
96.92609854578735,66.90297816770322,0.24533055221512873,40.43783343426686,79.44641160623561,4.596083808889668,./images/26.jpg,8.30367243798401,-0.935512967989029
100.97875318606653,66.67976820445982,5.777634784204173,40.43783343426686,79.44641160623561,4.596083808889668,./images/26.jpg,-11.966007278440838,-0.2683582522652077
95.52091138057716,69.10271936551511,5.9970047553132195,40.43783343426686,79.44641160623561,4.596083808889668,./images/26.jpg,-12.837288487127378,0.1830367080784121
89.4964707431635,71.29872874156935,5.838585310463677,40.43783343426686,79.44641160623561,4.596083808889668,./images/26.jpg,-10.697138139165336,-0.12988950572419822
84.5872338396355,73.41691899158424,5.931739509990434,40.43783343426686,79.44641160623561,4.596083808889668,./images/26.jpg,-9.858198512174745,-0.6486887517147921
79.76331922741923,74.15655771156001,0.14681215221965244,40.43783343426686,79.44641160623561,4.596083808889668,./images/26.jpg,-14.92277014701855,-0.2815804563314528
72.58026465165524,72.23091298109782,0.4345890650563585,40.43783343426686,79.44641160623561,4.596083808889668,./images/26.jpg,9.113287267654304,-0.2704616281673877
76.82830307259066,73.8649514192855,0.2661419879463189,40.43783343426686,79.44641160623561,4.596083808889668,./images/26.jpg,-11.141065964094748,0.40146159153909955
71.33419854056112,73.09059957395466,6.234022396113668,40.43783343426686,79.44641160623561,4.596083808889668,./images/26.jpg,-13.79736471347239,-0.3355725565563472
64.48539481449397,72.54733069155085,0.27163794790032697,40.43783343426686,79.44641160623561,4.596083808889668,./images/26.jpg,-13.606140203140626,0.28218869787003475
57.79488792910461,71.4233360705842,0.00865348324446348,40.43783343426686,79.44641160623561,4.596083808889668,./images/26.jpg,-13.214968585707956,0.5868651744936844
51.443065331225164,72.88179680589134,5.705953195384943,40.43783343426686,79.44641160623561,4.596083808889668,./images/26.jpg,-13.019338146319104,0.029760375437323683
46.025267122251066,76.49025780554994,5.680114874028148,40.43783343426686,79.44641160623561,4.596083808889668,./images/26.jpg,-11.71428793085702,0.24599372109671358
41.48344374603409,80.17435658214862,5.484034271174831,40.43783343426686,79.44641160623561,4.596083808889668,./images/26.jpg,14.106989090816526,-0.353913257991175
45.633980713560625,74.51343009280758,5.136560748921011,40.43783343426686,79.44641160623561,4.596083808889668,./images/26.jpg,-13.787897655422372,0.15389266622965891
43.1614399018203,80.94272423616403,4.993976271786513,40.43783343426686,79.44641160623561,4.596083808889668,./images/26.jpg,-14.893731858893094,0.561048120917709
42.92684668676125,88.27037674277246,4.370017676519993,40.43783343426686,79.44641160623561,4.596083808889668,./images/26.jpg,8.39522174089123,0.06441769226762695
41.574933886185065,84.29665914634053,4.406121016325373,40.43783343426686,79.44641160623561,4.596083808889668,./images/26.jpg,9.977909733181313,0.27817091000287975
46.0,74.0,3.066333481356304,7.210044968452552,85.50631012976464,5.543304386019824,./images/27.jpg,14.908881302638946,-0.9645040867395778
40.53634778717171,78.14152903558616,1.6329542753225885,7.210044968452552,85.50631012976464,5.543304386019824,./images/27.jpg,-14.660152421891995,0.2508396786967526
40.25846409676246,70.83511064623981,1.3825231612258355,7.210044968452552,85.50631012976464,5.543304386019824,./images/27.jpg,-12.788167951574694,0.8442453216033297
36.923392797506025,65.6546425852284,0.42323412800889426,7.210044968452552,85.50631012976464,5.543304386019824,./images/27.jpg,-11.808184458092002,-0.5022088544219065
32.07421938065275,62.364403928665574,0.8555506845915868,7.210044968452552,85.50631012976464,5.543304386019824,./images/27.jpg,-13.043027119594546,-0.09143878494520474
27.95760425281098,57.30851688891689,0.9352822586035721,7.210044968452552,85.50631012976464,5.543304386019824,./images/27.jpg,-14.795584623874024,-0.39659666412063355
24.6282217819076,50.75874942768933,1.3483624260821443,7.210044968452552,85.50631012976464,5.543304386019824,./images/27.jpg,-14.840954627485349,0.13556066964796565
22.604590445815838,43.62515136811926,1.2134114440450967,7.210044968452552,85.50631012976464,5.543304386019824,./images/27.jpg,12.826585515593905,-0.42310560308299117
25.72470506565119,49.18479196194405,0.8283550587595158,7.210044968452552,85.50631012976464,5.543304386019824,./images/27.jpg,-10.987439139253247,0.5983525149241369
21.325336661102654,45.98649119690585,0.3289972289863857,7.210044968452552,85.50631012976464,5.543304386019824,./images/27.jpg,11.565296680205776,-0.5575183887910453
27.001217175531817,46.76728562178236,6.1314533612741675,7.210044968452552,85.50631012976464,5.543304386019824,./images/27.jpg,13.820984315087665,-0.4069645712987222
33.53962505776077,44.66859137002546,5.734305428966077,7.210044968452552,85.50631012976464,5.543304386019824,./images/27.jpg,-12.079059451883728,0.6090256773546023
29.27302251537192,48.83519186775029,5.172653659508643,7.210044968452552,85.50631012976464,5.543304386019824,./images/27.jpg,-14.990419990364487,-0.11410631825291118
25.64162725381842,55.38745963579827,5.287184607721275,7.210044968452552,85.50631012976464,5.543304386019824,./images/27.jpg,-14.468015688931237,0.1310752921408478
22.02486761979604,61.64703344907936,5.160028937562048,7.210044968452552,85.50631012976464,5.543304386019824,./images/27.jpg,-14.410488107554041,-0.013620144303092996
18.8722215500484,68.12589549865831,5.173114608572579,7.210044968452552,85.50631012976464,5.543304386019824,./images/27.jpg,-9.622119284199718,-0.27081689199297276
16.435014844631397,72.26686675728733,5.351212208502293,7.210044968452552,85.50631012976464,5.543304386019824,./images/27.jpg,-11.65576684467088,0.34095919898896176
13.505103233638959,77.2842154309192,5.075501673571709,7.210044968452552,85.50631012976464,5.543304386019824,./images/27.jpg,-10.521656913886265,-0.5115013352975977
10.904518136432698,81.81981646986452,5.46924413580013,7.210044968452552,85.50631012976464,5.543304386019824,./images/27.jpg,-10.44055997466876,-0.10600385687165237
